fips,county,abbr,pop_density,pop_2015
1001,Autauga,AL,91.8,55347
1003,Baldwin,AL,114.6,203709
1005,Barbour,AL,31,26489
1007,Bibb,AL,36.8,22583
1009,Blount,AL,88.9,57673
1011,Bullock,AL,17.5,10696
1013,Butler,AL,27,20154
1015,Calhoun,AL,195.7,115620
1017,Chambers,AL,57.4,34123
1019,Cherokee,AL,46.9,25859
1021,Chilton,AL,63,43943
1023,Choctaw,AL,15.2,13170
1025,Clarke,AL,20.9,24675
1027,Clay,AL,23.1,13555
1029,Cleburne,AL,26.7,15018
1031,Coffee,AL,73.6,51211
1033,Colbert,AL,91.8,54354
1035,Conecuh,AL,15.6,12672
1037,Coosa,AL,17.7,10724
1039,Covington,AL,36.6,37835
1041,Crenshaw,AL,22.8,13963
1043,Cullman,AL,109.4,82005
1045,Dale,AL,89.6,49565
1047,Dallas,AL,44.8,41131
1049,DeKalb,AL,91.5,71130
1051,Elmore,AL,128.2,81468
1053,Escambia,AL,40.5,37789
1055,Etowah,AL,195.2,103057
1057,Fayette,AL,27.5,16759
1059,Franklin,AL,50,31696
1061,Geneva,AL,46.6,26777
1063,Greene,AL,14,8479
1065,Hale,AL,24.5,15068
1067,Henry,AL,30.8,17221
1069,Houston,AL,175.1,104173
1071,Jackson,AL,49.4,52419
1073,Jefferson,AL,592.5,660367
1075,Lamar,AL,24.1,13886
1077,Lauderdale,AL,138.8,92596
1079,Lawrence,AL,49.7,33115
1081,Lee,AL,230.8,156993
1083,Limestone,AL,147.8,91663
1085,Lowndes,AL,15.8,10458
1087,Macon,AL,35.2,19105
1089,Madison,AL,417.7,353089
1091,Marengo,AL,21.5,20028
1093,Marion,AL,41.5,30168
1095,Marshall,AL,164.4,94725
1097,Mobile,AL,335.9,415395
1099,Monroe,AL,22.5,21673
1101,Montgomery,AL,292.5,226519
1103,Morgan,AL,206.3,119565
1105,Perry,AL,14.7,9652
1107,Pickens,AL,22.4,20864
1109,Pike,AL,48.9,33046
1111,Randolph,AL,39.5,22696
1113,Russell,AL,82.6,59660
1115,St. Clair,AL,132.3,87074
1117,Shelby,AL,248.5,208713
1119,Sumter,AL,15.2,13103
1121,Talladega,AL,111.7,80862
1123,Tallapoosa,AL,58.1,40844
1125,Tuscaloosa,AL,147.3,203976
1127,Walker,AL,84.7,65294
1129,Washington,AL,16.3,16804
1131,Wilcox,AL,13.1,11059
1133,Winston,AL,39.9,23877
2013,Aleutians East,AK,0.4,3341
2016,Aleutians West,AK,1.3,5702
2020,Anchorage,AK,171.2,298695
2050,Bethel,AK,0.4,17946
2060,Bristol Bay,AK,2,892
2068,Denali,AK,0.1,1919
2070,Dillingham,AK,0.3,4997
2090,Fairbanks North Star,AK,13.3,99631
2100,Haines,AK,1.1,2534
2105,Hoonah-Angoon,AK,0.3,2133
2110,Juneau,AK,11.6,32756
2122,Kenai Peninsula,AK,3.4,58059
2130,Ketchikan Gateway,AK,2.8,13709
2150,Kodiak Island,AK,2.1,13889
2158,Lake and Peninsula,AK,0.1,8119
2164,Matanuska-Susitna,AK,3.6,1563
2170,Nome,AK,0.4,101095
2180,North Slope,AK,0.1,9846
2185,Northwest Arctic,AK,0.2,9687
2188,Petersburg,AK,1.2,7752
2195,Prince of Wales-Hyder,AK,1.4,3177
2198,Sitka,AK,3.1,6341
2220,Skagway,AK,2.1,8863
2230,Southeast Fairbanks,AK,0.3,1057
2240,Valdez-Cordova,AK,0.3,6839
2261,Wade Hampton,AK,0.4,9362
2275,Wrangell,AK,0.9,2382
2282,Yakutat,AK,0.1,613
2290,Yukon-Koyukuk,AK,0,5533
4001,Apache,AZ,6.4,71474
4003,Cochise,AZ,21.3,126427
4005,Coconino,AZ,7.2,139097
4007,Gila,AZ,11.3,53159
4009,Graham,AZ,8.1,37666
4011,Greenlee,AZ,4.6,9529
4012,La Paz,AZ,4.6,20152
4013,Maricopa,AZ,414.9,4167947
4015,Mohave,AZ,15,204737
4017,Navajo,AZ,10.8,108277
4019,Pima,AZ,106.7,1010025
4021,Pinal,AZ,70,406584
4023,Santa Cruz,AZ,38.3,46461
4025,Yavapai,AZ,26,222255
4027,Yuma,AZ,35.5,204275
5001,Arkansas,AR,19.2,18433
5003,Ashley,AR,23.6,20838
5005,Baxter,AR,74.9,41053
5007,Benton,AR,261.2,249672
5009,Boone,AR,62.5,37222
5011,Bradley,AR,17.7,11094
5013,Calhoun,AR,8.5,5229
5015,Carroll,AR,43.6,27704
5017,Chicot,AR,18.3,11027
5019,Clark,AR,26.6,22633
5021,Clay,AR,25.2,15109
5023,Cleburne,AR,46.9,25467
5025,Cleveland,AR,14.5,8311
5027,Columbia,AR,32.1,24114
5029,Conway,AR,38.5,21019
5031,Craighead,AR,136.4,104354
5033,Crawford,AR,104.4,61703
5035,Crittenden,AR,83.5,48963
5037,Cross,AR,29,17284
5039,Dallas,AR,12.2,7604
5041,Desha,AR,16.9,11965
5043,Drew,AR,22.3,18778
5045,Faulkner,AR,174.8,121552
5047,Franklin,AR,29.8,17702
5049,Fulton,AR,19.8,12204
5051,Garland,AR,141.7,97177
5053,Grant,AR,28.3,18102
5055,Greene,AR,72.9,44196
5057,Hempstead,AR,31.1,22084
5059,Hot Spring,AR,53.5,33426
5061,Howard,AR,23.4,13300
5063,Independence,AR,48,37052
5065,Izard,AR,23.6,13445
5067,Jackson,AR,28.4,17338
5069,Jefferson,AR,88.9,71565
5071,Johnson,AR,38.7,26141
5073,Lafayette,AR,14.5,6996
5075,Lawrence,AR,29.6,16779
5077,Lee,AR,17.3,9650
5079,Lincoln,AR,25.2,13820
5081,Little River,AR,24.7,12472
5083,Logan,AR,31.6,21714
5085,Lonoke,AR,88.7,71645
5087,Madison,AR,18.8,15767
5089,Marion,AR,27.9,16185
5091,Miller,AR,69.5,43908
5093,Mississippi,AR,51.6,43738
5095,Monroe,AR,13.4,7399
5097,Montgomery,AR,12.2,8970
5099,Nevada,AR,14.6,8558
5101,Newton,AR,10.1,7913
5103,Ouachita,AR,35.6,24358
5105,Perry,AR,18.9,10189
5107,Phillips,AR,31.3,19513
5109,Pike,AR,18.8,10824
5111,Poinsett,AR,32.4,24040
5113,Polk,AR,24.1,20216
5115,Pope,AR,76,63390
5117,Prairie,AR,13.4,8291
5119,Pulaski,AR,503.8,392664
5121,Randolph,AR,27.6,17469
5123,St. Francis,AR,44.5,26589
5125,Saline,AR,148,117460
5127,Scott,AR,12.6,10513
5129,Searcy,AR,12.3,7869
5131,Sebastian,AR,236.4,127780
5133,Sevier,AR,30.2,17290
5135,Sharp,AR,28.6,16912
5137,Stone,AR,20.4,12456
5139,Union,AR,40.1,40144
5141,Van Buren,AR,24.4,16771
5143,Washington,AR,215.6,225477
5145,White,AR,74.5,79161
5147,Woodruff,AR,12.4,6741
5149,Yell,AR,23.9,21713
6001,Alameda,CA,2043.6,1638215
6003,Alpine,CA,1.6,1110
6005,Amador,CA,64.1,37001
6007,Butte,CA,134.4,225411
6009,Calaveras,CA,44.7,44828
6011,Colusa,CA,18.6,21482
6013,Contra Costa,CA,1465.2,1126745
6015,Del Norte,CA,28.4,27254
6017,El Dorado,CA,106,184452
6019,Fresno,CA,156.2,974861
6021,Glenn,CA,21.4,28017
6023,Humboldt,CA,37.7,135727
6025,Imperial,CA,41.8,180191
6027,Inyo,CA,1.8,18260
6029,Kern,CA,103.3,882176
6031,Kings,CA,110.1,150965
6033,Lake,CA,51.5,64591
6035,Lassen,CA,7.7,31345
6037,Los Angeles,CA,2419.6,10170292
6039,Madera,CA,70.6,154998
6041,Marin,CA,485.1,261221
6043,Mariposa,CA,12.6,17531
6045,Mendocino,CA,25.1,87649
6047,Merced,CA,132.2,268455
6049,Modoc,CA,2.5,8965
6051,Mono,CA,4.7,13909
6053,Monterey,CA,126.5,433898
6055,Napa,CA,182.4,142456
6057,Nevada,CA,103.1,98877
6059,Orange,CA,3807.7,3169776
6061,Placer,CA,247.6,375391
6063,Plumas,CA,7.8,18409
6065,Riverside,CA,303.8,2361026
6067,Sacramento,CA,1470.8,1501335
6069,San Benito,CA,39.8,58792
6071,San Bernardino,CA,101.5,2128133
6073,San Diego,CA,735.8,3299521
6075,San Francisco,CA,17179.1,864816
6077,San Joaquin,CA,492.6,726106
6079,San Luis Obispo,CA,81.7,281401
6081,San Mateo,CA,1602.2,765135
6083,Santa Barbara,CA,155,444769
6085,Santa Clara,CA,1381,1918044
6087,Santa Cruz,CA,589.4,274146
6089,Shasta,CA,46.9,179533
6091,Sierra,CA,3.4,2967
6093,Siskiyou,CA,7.2,43554
6095,Solano,CA,503,436092
6097,Sonoma,CA,307.1,502146
6099,Stanislaus,CA,344.2,538388
6101,Sutter,CA,157.3,96463
6103,Tehama,CA,21.5,63308
6105,Trinity,CA,4.3,13069
6107,Tulare,CA,91.7,459863
6109,Tuolumne,CA,24.9,53709
6111,Ventura,CA,446.7,850536
6113,Yolo,CA,197.9,213016
6115,Yuba,CA,114.2,74492
8001,Adams,CO,378.2,491337
8003,Alamosa,CO,21.4,16496
8005,Arapahoe,CO,716.7,631096
8007,Archuleta,CO,8.9,12352
8009,Baca,CO,1.5,3615
8011,Bent,CO,4.3,5830
8013,Boulder,CO,405.6,319372
8014,Broomfield,CO,1691.9,65065
8015,Chaffee,CO,17.6,18658
8017,Cheyenne,CO,1,1829
8019,Clear Creek,CO,23,9303
8021,Conejos,CO,6.4,8130
8023,Costilla,CO,2.9,3584
8025,Crowley,CO,7.4,5562
8027,Custer,CO,5.8,4445
8029,Delta,CO,27.1,29979
8031,Denver,CO,3922.6,682545
8033,Dolores,CO,1.9,1978
8035,Douglas,CO,339.7,322387
8037,Eagle,CO,31,53605
8039,Elbert,CO,12.5,24735
8041,El Paso,CO,292.6,674471
8043,Fremont,CO,30.5,46692
8045,Garfield,CO,19.1,58095
8047,Gilpin,CO,36.3,5828
8049,Grand,CO,8,14615
8051,Gunnison,CO,4.7,16067
8053,Hinsdale,CO,0.8,774
8055,Huerfano,CO,4.2,6492
8057,Jackson,CO,0.9,1356
8059,Jefferson,CO,699.5,565524
8061,Kiowa,CO,0.8,1423
8063,Kit Carson,CO,3.8,7758
8065,Lake,CO,19.4,7485
8067,La Plata,CO,30.3,54688
8069,Larimer,CO,115.4,333577
8071,Las Animas,CO,3.2,14058
8073,Lincoln,CO,2.1,5557
8075,Logan,CO,12.4,22036
8077,Mesa,CO,44.1,148513
8079,Mineral,CO,0.8,726
8081,Moffat,CO,2.9,12937
8083,Montezuma,CO,12.6,26168
8085,Montrose,CO,18.4,40946
8087,Morgan,CO,22,28360
8089,Otero,CO,14.9,18343
8091,Ouray,CO,8.2,4691
8093,Park,CO,7.4,16510
8095,Phillips,CO,6.5,4349
8097,Pitkin,CO,17.7,17787
8099,Prowers,CO,7.7,11954
8101,Pueblo,CO,66.7,163591
8103,Rio Blanco,CO,2.1,6571
8105,Rio Grande,CO,13.1,11543
8107,Routt,CO,10,24130
8109,Saguache,CO,1.9,6251
8111,San Juan,CO,1.8,701
8113,San Miguel,CO,5.7,7879
8115,Sedgwick,CO,4.3,2399
8117,Summit,CO,46,30257
8119,Teller,CO,41.9,23385
8121,Washington,CO,1.9,4864
8123,Weld,CO,63.4,285174
8125,Yuma,CO,4.2,10146
9001,Fairfield,CT,1467.2,948053
9003,Hartford,CT,1216.2,895841
9005,Litchfield,CT,206.3,183603
9007,Middlesex,CT,448.6,164063
9009,New Haven,CT,1426.7,859470
9011,New London,CT,412.2,271863
9013,Tolland,CT,372.2,151420
9015,Windham,CT,230.9,116573
10001,Kent,DE,276.9,173533
10003,New Castle,DE,1263.2,556779
10005,Sussex,DE,210.6,215622
12001,Alachua,FL,282.7,259964
12003,Baker,FL,46.3,27420
12005,Bay,FL,222.6,181635
12007,Bradford,FL,97,26928
12009,Brevard,FL,535,568088
12011,Broward,FL,1444.9,1896425
12013,Calhoun,FL,25.8,14462
12015,Charlotte,FL,235.2,173115
12017,Citrus,FL,242.8,141058
12019,Clay,FL,315.8,203967
12021,Collier,FL,160.9,357305
12023,Columbia,FL,84.7,68348
12027,DeSoto,FL,54.7,35458
12029,Dixie,FL,23.3,16203
12031,Duval,FL,1133.9,913010
12033,Escambia,FL,453.4,311003
12035,Flagler,FL,197.1,105392
12037,Franklin,FL,21.6,11761
12039,Gadsden,FL,89.8,46036
12041,Gilchrist,FL,48.4,17199
12043,Glades,FL,16,13670
12045,Gulf,FL,28.1,15871
12047,Hamilton,FL,28.8,14295
12049,Hardee,FL,43.5,27502
12051,Hendry,FL,34,39119
12053,Hernando,FL,365.6,178439
12055,Highlands,FL,97.2,99491
12057,Hillsborough,FL,1204.9,1349050
12059,Holmes,FL,41.6,19324
12061,Indian River,FL,274.5,147919
12063,Jackson,FL,54.2,48599
12065,Jefferson,FL,24.7,14081
12067,Lafayette,FL,16.3,8663
12069,Lake,FL,316.6,325875
12071,Lee,FL,788.7,701982
12073,Leon,FL,413.1,286272
12075,Levy,FL,36.5,39832
12077,Liberty,FL,10,8331
12079,Madison,FL,27.6,18408
12081,Manatee,FL,434.5,363369
12083,Marion,FL,209.1,343254
12085,Martin,FL,269.2,156283
12086,Miami-Dade,FL,1315.5,2693117
12087,Monroe,FL,74.3,77482
12089,Nassau,FL,113,78444
12091,Okaloosa,FL,194.4,198664
12093,Okeechobee,FL,52,39469
12095,Orange,FL,1268.5,1288126
12097,Osceola,FL,202.4,323993
12099,Palm Beach,FL,670.2,1422789
12101,Pasco,FL,622.2,497909
12103,Pinellas,FL,3347.5,949827
12105,Polk,FL,334.9,650092
12107,Putnam,FL,102.2,72023
12109,St. Johns,FL,316.4,226640
12111,St. Lucie,FL,485.7,298563
12113,Santa Rosa,FL,149.6,167040
12115,Sarasota,FL,682.6,405549
12117,Seminole,FL,1367,449144
12119,Sumter,FL,170.8,118891
12121,Suwannee,FL,60.3,43760
12123,Taylor,FL,21.6,22493
12125,Union,FL,63.8,15234
12127,Volusia,FL,449.2,517887
12129,Wakulla,FL,50.8,31535
12131,Walton,FL,53,63508
12133,Washington,FL,42.7,24687
13001,Appling,GA,36,18454
13003,Atkinson,GA,24.7,8398
13005,Bacon,GA,42.9,11299
13007,Baker,GA,10.1,3180
13009,Baldwin,GA,177.3,45459
13011,Banks,GA,79.3,18495
13013,Barrow,GA,432.7,75370
13015,Bartow,GA,217.9,102747
13017,Ben Hill,GA,70.5,17403
13019,Berrien,GA,42.7,18963
13021,Bibb,GA,622.8,153721
13023,Bleckley,GA,60.5,12243
13025,Brantley,GA,41.6,18455
13027,Brooks,GA,32.9,15658
13029,Bryan,GA,69.3,35137
13031,Bulloch,GA,104.4,72651
13033,Burke,GA,28.2,22745
13035,Butts,GA,128.3,23593
13037,Calhoun,GA,23.9,6479
13039,Camden,GA,82.4,52102
13043,Candler,GA,45.3,10886
13045,Carroll,GA,221.5,114545
13047,Catoosa,GA,394.3,66050
13049,Charlton,GA,15.7,12965
13051,Chatham,GA,621.7,286956
13053,Chattahoochee,GA,45.3,11368
13055,Chattooga,GA,83,24922
13057,Cherokee,GA,508.3,235900
13059,Clarke,GA,979.1,123912
13061,Clay,GA,16.3,3141
13063,Clayton,GA,1832.5,273955
13065,Clinch,GA,8.5,6893
13067,Cobb,GA,2026.4,741334
13069,Coffee,GA,73.7,43108
13071,Colquitt,GA,83.6,45844
13073,Columbia,GA,427.6,144052
13075,Cook,GA,75.8,17124
13077,Coweta,GA,288.8,138427
13079,Crawford,GA,38.9,12388
13081,Crisp,GA,86,22881
13083,Dade,GA,95.6,16264
13085,Dawson,GA,105.9,23312
13087,Decatur,GA,46.6,27174
13089,DeKalb,GA,2585.7,734871
13091,Dodge,GA,44,20882
13093,Dooly,GA,38.1,14035
13095,Dougherty,GA,287.7,91332
13097,Douglas,GA,661.8,140733
13099,Early,GA,21.5,10575
13101,Echols,GA,9.7,4040
13103,Effingham,GA,109.4,57106
13105,Elbert,GA,57.4,19364
13107,Emanuel,GA,33.2,22708
13109,Evans,GA,60.2,10787
13111,Fannin,GA,61.2,24303
13113,Fayette,GA,548.3,110714
13115,Floyd,GA,188.9,96504
13117,Forsyth,GA,783.5,212438
13119,Franklin,GA,84.5,22311
13121,Fulton,GA,1748,1010562
13123,Gilmer,GA,66.3,29400
13125,Glascock,GA,21.4,3065
13127,Glynn,GA,189.7,83579
13129,Gordon,GA,155.1,56574
13131,Grady,GA,55,25205
13133,Greene,GA,41.3,16710
13135,Gwinnett,GA,1871.2,895823
13137,Habersham,GA,155.5,43996
13139,Hall,GA,457.5,193535
13141,Hancock,GA,20,8551
13143,Haralson,GA,102,28854
13145,Harris,GA,69,33381
13147,Hart,GA,108.5,25534
13149,Heard,GA,40,11539
13151,Henry,GA,633,217739
13153,Houston,GA,372.5,150033
13155,Irwin,GA,26.9,9245
13157,Jackson,GA,178.1,63360
13159,Jasper,GA,37.8,13635
13161,Jeff Davis,GA,45.6,14920
13163,Jefferson,GA,32.2,16106
13165,Jenkins,GA,24,8957
13167,Johnson,GA,32.9,9656
13169,Jones,GA,72.8,28494
13171,Lamar,GA,99.8,18201
13173,Lanier,GA,54.4,10312
13175,Laurens,GA,60,47731
13177,Lee,GA,79.5,29202
13179,Liberty,GA,129.5,62467
13181,Lincoln,GA,38,7673
13183,Long,GA,36.1,17731
13185,Lowndes,GA,220.2,112865
13187,Lumpkin,GA,105.9,31408
13189,McDuffie,GA,85,21540
13191,McIntosh,GA,33.8,13969
13193,Macon,GA,36.8,13632
13195,Madison,GA,99.6,28441
13197,Marion,GA,23.9,8761
13199,Meriwether,GA,43.9,21190
13201,Miller,GA,21.7,5854
13205,Mitchell,GA,45.9,22574
13207,Monroe,GA,66.8,27103
13209,Montgomery,GA,38.1,8951
13211,Morgan,GA,51.4,18046
13213,Murray,GA,115,39565
13215,Muscogee,GA,877.5,200579
13217,Newton,GA,367.3,105473
13219,Oconee,GA,178,35965
13221,Oglethorpe,GA,33.9,14871
13223,Paulding,GA,455.8,152238
13225,Peach,GA,184.3,26720
13227,Pickens,GA,126.8,30309
13229,Pierce,GA,59.3,19103
13231,Pike,GA,82.7,17941
13233,Polk,GA,133.6,41524
13235,Pulaski,GA,48.2,11396
13237,Putnam,GA,61.6,21353
13239,Quitman,GA,16.6,2302
13241,Rabun,GA,44,16281
13243,Randolph,GA,18,7193
13245,Richmond,GA,618.4,201793
13247,Rockdale,GA,656.5,88856
13249,Schley,GA,30,5168
13251,Screven,GA,22.6,14162
13253,Seminole,GA,37.1,8647
13255,Spalding,GA,326.1,64051
13257,Stephens,GA,146.1,25586
13259,Stewart,GA,13.2,5851
13261,Sumter,GA,68,30779
13263,Talbot,GA,17.5,6337
13265,Taliaferro,GA,8.8,1639
13267,Tattnall,GA,53.2,25229
13269,Taylor,GA,23.6,8330
13271,Telfair,GA,37.7,16400
13273,Terrell,GA,27.8,9113
13275,Thomas,GA,82.1,45063
13277,Tift,GA,154.9,40764
13279,Toombs,GA,74.8,27241
13281,Towns,GA,62.9,11182
13283,Treutlen,GA,34.5,6785
13285,Troup,GA,161.9,69763
13287,Turner,GA,31.3,8214
13289,Twiggs,GA,25.2,8390
13291,Union,GA,66.3,22267
13293,Upson,GA,84,26368
13295,Walker,GA,154,68066
13297,Walton,GA,257.2,88399
13299,Ware,GA,40.7,35370
13301,Warren,GA,20.5,5460
13303,Washington,GA,31.2,20816
13305,Wayne,GA,46.9,29534
13307,Webster,GA,13.4,2648
13309,Wheeler,GA,25.1,7903
13311,White,GA,112.8,28319
13313,Whitfield,GA,353.2,104216
13315,Wilcox,GA,24.5,8857
13317,Wilkes,GA,22.6,9867
13319,Wilkinson,GA,21.4,9155
13321,Worth,GA,38,20699
15001,Hawaii,HI,45.9,196428
15003,Honolulu,HI,1586.7,998714
15005,Kalawao,HI,7.5,89
15007,Kauai,HI,108.2,71735
15009,Maui,HI,133.3,164637
16001,Ada,ID,372.8,434211
16003,Adams,ID,2.9,3843
16005,Bannock,ID,74.5,83744
16007,Bear Lake,ID,6.1,5922
16009,Benewah,ID,12,9052
16011,Bingham,ID,21.8,44990
16013,Blaine,ID,8.1,21592
16015,Boise,ID,3.7,7058
16017,Bonner,ID,23.6,41859
16019,Bonneville,ID,55.9,110089
16021,Boundary,ID,8.6,11318
16023,Butte,ID,1.3,2501
16025,Camas,ID,1,1066
16027,Canyon,ID,321.6,207478
16029,Caribou,ID,3.9,6770
16031,Cassia,ID,8.9,23506
16033,Clark,ID,0.6,880
16035,Clearwater,ID,3.6,8496
16037,Custer,ID,0.9,4087
16039,Elmore,ID,8.8,25876
16041,Franklin,ID,19.3,13074
16043,Fremont,ID,7.1,12819
16045,Gem,ID,29.8,16852
16047,Gooding,ID,21.2,15284
16049,Idaho,ID,1.9,16272
16051,Jefferson,ID,23.9,27157
16053,Jerome,ID,37.5,22814
16055,Kootenai,ID,111.3,150346
16057,Latah,ID,34.6,38778
16059,Lemhi,ID,1.7,7735
16061,Lewis,ID,8,3789
16063,Lincoln,ID,4.3,5297
16065,Madison,ID,80,38273
16067,Minidoka,ID,26.5,20461
16069,Nez Perce,ID,46.3,40048
16071,Oneida,ID,3.6,4281
16073,Owyhee,ID,1.5,11310
16075,Payette,ID,55.6,22896
16077,Power,ID,5.6,7648
16079,Shoshone,ID,4.9,12432
16081,Teton,ID,22.6,10564
16083,Twin Falls,ID,40.2,82375
16085,Valley,ID,2.7,10103
16087,Washington,ID,7,9984
17001,Adams,IL,78.5,67013
17003,Alexander,IL,35,6780
17005,Bond,IL,46.7,16950
17007,Boone,IL,193,53585
17009,Brown,IL,22.7,6829
17011,Bureau,IL,40.2,33587
17013,Calhoun,IL,20,4899
17015,Carroll,IL,34.6,14616
17017,Cass,IL,36.3,12847
17019,Champaign,IL,201.8,208861
17021,Christian,IL,49.1,33642
17023,Clark,IL,32.6,15979
17025,Clay,IL,29.5,13428
17027,Clinton,IL,79.7,37786
17029,Coles,IL,106,52521
17031,Cook,IL,5495.1,5238216
17033,Crawford,IL,44.7,19414
17035,Cumberland,IL,31.9,10898
17037,DeKalb,IL,166.6,104352
17039,De Witt,IL,41.7,16247
17041,Douglas,IL,48,19823
17043,DuPage,IL,2799.8,933736
17045,Edgar,IL,29.8,17664
17047,Edwards,IL,30.2,6534
17049,Effingham,IL,71.5,34371
17051,Fayette,IL,30.9,22043
17053,Ford,IL,29,13736
17055,Franklin,IL,96.8,39485
17057,Fulton,IL,42.8,35699
17059,Gallatin,IL,17.3,5265
17061,Greene,IL,25.6,13241
17063,Grundy,IL,119.8,50541
17065,Hamilton,IL,19.5,8200
17067,Hancock,IL,24.1,18543
17069,Hardin,IL,24.3,4135
17071,Henderson,IL,19.3,6995
17073,Henry,IL,61.3,49489
17075,Iroquois,IL,26.6,28672
17077,Jackson,IL,103.1,59362
17079,Jasper,IL,19.6,9607
17081,Jefferson,IL,68,38353
17083,Jersey,IL,62.2,22372
17085,Jo Daviess,IL,37.7,22086
17087,Johnson,IL,36.6,12762
17089,Kane,IL,990.8,530847
17091,Kankakee,IL,167.7,110879
17093,Kendall,IL,358.2,123355
17095,Knox,IL,73.9,51441
17097,Lake,IL,1585.6,703910
17099,LaSalle,IL,100.4,111333
17101,Lawrence,IL,45.2,16491
17103,Lee,IL,49.7,34584
17105,Livingston,IL,37.3,36671
17107,Logan,IL,49,29494
17109,McDonough,IL,55.3,31333
17111,McHenry,IL,511.9,307343
17113,McLean,IL,143.3,173166
17115,Macon,IL,190.8,107303
17117,Macoupin,IL,55.4,46045
17119,Madison,IL,376.3,266209
17121,Marion,IL,68.9,38339
17123,Marshall,IL,32.7,11982
17125,Mason,IL,27.2,13701
17127,Massac,IL,65,14766
17129,Menard,IL,40.4,12444
17131,Mercer,IL,29.3,15858
17133,Monroe,IL,85.6,33879
17135,Montgomery,IL,42.8,28898
17137,Morgan,IL,62.5,34828
17139,Moultrie,IL,44.2,14931
17141,Ogle,IL,70.5,51659
17143,Peoria,IL,301.2,186221
17145,Perry,IL,50.6,21543
17147,Piatt,IL,38.1,16387
17149,Pike,IL,19.8,15989
17151,Pope,IL,12.1,4226
17153,Pulaski,IL,30.9,5678
17155,Putnam,IL,37.5,5644
17157,Randolph,IL,58.2,32852
17159,Richland,IL,45.1,16029
17161,Rock Island,IL,345,146133
17163,St. Clair,IL,410.6,264052
17165,Saline,IL,65.6,24548
17167,Sangamon,IL,227.4,198712
17169,Schuyler,IL,17.3,7032
17171,Scott,IL,21.3,5092
17173,Shelby,IL,29.5,21775
17175,Stark,IL,20.8,5788
17177,Stephenson,IL,84.5,45749
17179,Tazewell,IL,208.6,134800
17181,Union,IL,43.1,17408
17183,Vermilion,IL,90.9,79282
17185,Wabash,IL,53.5,11542
17187,Warren,IL,32.6,17527
17189,Washington,IL,26.2,14270
17191,Wayne,IL,23.5,16423
17193,White,IL,29.6,14327
17195,Whiteside,IL,85.5,57079
17197,Will,IL,809.6,687263
17199,Williamson,IL,157.9,67466
17201,Winnebago,IL,575.2,287078
17203,Woodford,IL,73.3,39227
18001,Adams,IN,101.4,34980
18003,Allen,IN,540.6,368450
18005,Bartholomew,IN,188.7,81162
18007,Benton,IN,21.8,8681
18009,Blackford,IN,77.3,12298
18011,Boone,IN,133.9,63344
18013,Brown,IN,48.9,14977
18015,Carroll,IN,54.1,19856
18017,Cass,IN,94.5,37979
18019,Clark,IN,295.6,115371
18021,Clay,IN,75.2,26503
18023,Clinton,IN,82,32609
18025,Crawford,IN,35.1,10483
18027,Daviess,IN,73.7,32906
18029,Dearborn,IN,164.1,49455
18031,Decatur,IN,69.1,26521
18033,DeKalb,IN,116.4,42589
18035,Delaware,IN,300.1,116852
18037,Dubois,IN,98,42461
18039,Elkhart,IN,426.5,203474
18041,Fayette,IN,112.9,23434
18043,Floyd,IN,504.1,76778
18045,Fountain,IN,43.6,16591
18047,Franklin,IN,60.1,22872
18049,Fulton,IN,56.6,20315
18051,Gibson,IN,68.7,33775
18053,Grant,IN,169.2,67979
18055,Greene,IN,61.1,32441
18057,Hamilton,IN,696.4,309697
18059,Hancock,IN,228.8,72520
18061,Harrison,IN,81.2,39578
18063,Hendricks,IN,357.4,158192
18065,Henry,IN,126.2,48985
18067,Howard,IN,282.4,82556
18069,Huntington,IN,97,36630
18071,Jackson,IN,83.2,44069
18073,Jasper,IN,59.8,33470
18075,Jay,IN,55.4,21121
18077,Jefferson,IN,89.9,32416
18079,Jennings,IN,75.7,27897
18081,Johnson,IN,435.8,149633
18083,Knox,IN,74.5,37927
18085,Kosciusko,IN,145.6,78620
18087,LaGrange,IN,97.8,38809
18089,Lake,IN,994.1,487865
18091,LaPorte,IN,186.3,110884
18093,Lawrence,IN,102.7,45495
18095,Madison,IN,291.3,129723
18097,Marion,IN,2279.6,939020
18099,Marshall,IN,106.1,46857
18101,Martin,IN,30.8,10226
18103,Miami,IN,98.7,35862
18105,Monroe,IN,349.7,144705
18107,Montgomery,IN,75.6,38227
18109,Morgan,IN,170.5,69648
18111,Newton,IN,35.5,14008
18113,Noble,IN,115.7,47733
18115,Ohio,IN,71.1,5938
18117,Orange,IN,49.8,19605
18119,Owen,IN,56,20872
18121,Parke,IN,39,16901
18123,Perry,IN,50.7,19347
18125,Pike,IN,38.4,12594
18127,Porter,IN,393,167688
18129,Posey,IN,63.3,25512
18131,Pulaski,IN,30.9,12889
18133,Putnam,IN,79,37585
18135,Randolph,IN,57.9,25172
18137,Ripley,IN,64.6,28701
18139,Rush,IN,42.6,16672
18141,St. Joseph,IN,583,268441
18143,Scott,IN,127,23744
18145,Shelby,IN,108.1,44478
18147,Spencer,IN,52.8,20715
18149,Starke,IN,75.6,22958
18151,Steuben,IN,110.7,34372
18153,Sullivan,IN,48,20928
18155,Switzerland,IN,48.1,10524
18157,Tippecanoe,IN,345.7,185826
18159,Tipton,IN,61.2,15267
18161,Union,IN,46.6,7182
18163,Vanderburgh,IN,769.7,181877
18165,Vermillion,IN,63.1,15692
18167,Vigo,IN,267.4,107896
18169,Wabash,IN,79.7,32138
18171,Warren,IN,23.3,8269
18173,Warrick,IN,155.1,61897
18175,Washington,IN,55,27827
18177,Wayne,IN,171.5,67001
18179,Wells,IN,75.1,27964
18181,White,IN,48.8,24293
18183,Whitley,IN,99.2,33406
19001,Adair,IA,13.5,7228
19003,Adams,IA,9.5,3796
19005,Allamakee,IA,22.4,13886
19007,Appanoose,IA,25.9,12529
19009,Audubon,IA,13.8,5773
19011,Benton,IA,36.4,25658
19013,Black Hawk,IA,231.7,133455
19015,Boone,IA,46,26643
19017,Bremer,IA,55.7,24722
19019,Buchanan,IA,36.7,21062
19021,Buena Vista,IA,35.2,20493
19023,Butler,IA,25.6,14915
19025,Calhoun,IA,17,9818
19027,Carroll,IA,36.6,20498
19029,Cass,IA,24.7,13427
19031,Cedar,IA,31.9,18340
19033,Cerro Gordo,IA,77.7,43017
19035,Cherokee,IA,20.9,11574
19037,Chickasaw,IA,24.7,12097
19039,Clarke,IA,21.5,9259
19041,Clay,IA,29.4,16507
19043,Clayton,IA,23.3,17644
19045,Clinton,IA,70.7,47768
19047,Crawford,IA,23.9,17094
19049,Dallas,IA,112.4,80133
19051,Davis,IA,17.4,8769
19053,Decatur,IA,15.9,8220
19055,Delaware,IA,30.7,17403
19057,Des Moines,IA,96.9,40055
19059,Dickinson,IA,43.8,17111
19061,Dubuque,IA,154,97125
19063,Emmet,IA,26,9769
19065,Fayette,IA,28.6,20257
19067,Floyd,IA,32.6,15960
19069,Franklin,IA,18.4,10295
19071,Fremont,IA,14.6,6906
19073,Greene,IA,16.4,9027
19075,Grundy,IA,24.8,12435
19077,Guthrie,IA,18.5,10676
19079,Hamilton,IA,27.2,15190
19081,Hancock,IA,19.9,10974
19083,Hardin,IA,30.8,17367
19085,Harrison,IA,21.4,14265
19087,Henry,IA,46.4,19950
19089,Howard,IA,20.2,9410
19091,Humboldt,IA,22.6,9555
19093,Ida,IA,16.4,7028
19095,Iowa,IA,27.9,16401
19097,Jackson,IA,31.2,19444
19099,Jasper,IA,50.4,36827
19101,Jefferson,IA,38.7,17555
19103,Johnson,IA,213.1,144251
19105,Jones,IA,35.9,20466
19107,Keokuk,IA,18.1,10163
19109,Kossuth,IA,16,15165
19111,Lee,IA,69.3,35089
19113,Linn,IA,294.6,219916
19115,Louisa,IA,28.3,11185
19117,Lucas,IA,20.7,8682
19119,Lyon,IA,19.7,11745
19121,Madison,IA,27.9,15753
19123,Mahaska,IA,39.2,22324
19125,Marion,IA,60.1,33294
19127,Marshall,IA,71,40746
19129,Mills,IA,34.4,14844
19131,Mitchell,IA,23,10832
19133,Monona,IA,13.3,8979
19135,Monroe,IA,18.4,7973
19137,Montgomery,IA,25.3,10234
19139,Muscatine,IA,97.7,43011
19141,O'Brien,IA,25.1,13984
19143,Osceola,IA,16.2,6154
19145,Page,IA,29.8,15527
19147,Palo Alto,IA,16.7,9133
19149,Plymouth,IA,29,24800
19151,Pocahontas,IA,12.7,7008
19153,Polk,IA,750.5,467711
19155,Pottawattamie,IA,98,93671
19157,Poweshiek,IA,32.3,18550
19159,Ringgold,IA,9.6,5068
19161,Sac,IA,18,10021
19163,Scott,IA,360.7,172126
19165,Shelby,IA,20.6,11927
19167,Sioux,IA,43.9,34937
19169,Story,IA,156.3,96021
19171,Tama,IA,24.6,17337
19173,Taylor,IA,11.9,6205
19175,Union,IA,29.6,12469
19177,Van Buren,IA,15.6,7344
19179,Wapello,IA,82.5,35173
19181,Warren,IA,81.1,48626
19183,Washington,IA,38.2,22247
19185,Wayne,IA,12.2,6385
19187,Webster,IA,53.1,37071
19189,Winnebago,IA,27.1,10609
19191,Winneshiek,IA,30.5,20709
19193,Woodbury,IA,117.1,102782
19195,Worth,IA,19,7569
19197,Wright,IA,22.8,12773
20001,Allen,KS,26.7,12717
20003,Anderson,KS,14,7808
20005,Atchison,KS,39.3,16398
20007,Barber,KS,4.3,4823
20009,Barton,KS,30.9,27103
20011,Bourbon,KS,23.9,14712
20013,Brown,KS,17.5,9776
20015,Butler,KS,46.1,66741
20017,Chase,KS,3.6,2679
20019,Chautauqua,KS,5.7,3402
20021,Cherokee,KS,36.8,20533
20023,Cheyenne,KS,2.7,2679
20025,Clark,KS,2.3,2096
20027,Clay,KS,13.2,8347
20029,Cloud,KS,13.3,9219
20031,Coffey,KS,13.7,8384
20033,Comanche,KS,2.4,1843
20035,Cowley,KS,32.3,35788
20037,Crawford,KS,66.4,39217
20039,Decatur,KS,3.3,2932
20041,Dickinson,KS,23.3,19303
20043,Doniphan,KS,20.2,7797
20045,Douglas,KS,243.1,118053
20047,Edwards,KS,4.9,2968
20049,Elk,KS,4.5,2605
20051,Ellis,KS,31.6,29029
20053,Ellsworth,KS,9.1,6343
20055,Finney,KS,28.2,37118
20057,Ford,KS,30.8,34536
20059,Franklin,KS,45.5,25609
20061,Geary,KS,89.3,37030
20063,Gove,KS,2.5,2640
20065,Graham,KS,2.9,2591
20067,Grant,KS,13.6,7733
20069,Gray,KS,6.9,6133
20071,Greeley,KS,1.6,1330
20073,Greenwood,KS,5.9,6244
20075,Hamilton,KS,2.7,2474
20077,Harper,KS,7.5,5817
20079,Harvey,KS,64.3,35073
20081,Haskell,KS,7.4,4064
20083,Hodgeman,KS,2.2,1893
20085,Jackson,KS,20.5,13338
20087,Jefferson,KS,35.9,18930
20089,Jewell,KS,3.4,2970
20091,Johnson,KS,1149.6,580159
20093,Kearny,KS,4.6,3956
20095,Kingman,KS,9.1,7687
20097,Kiowa,KS,3.5,2564
20099,Labette,KS,33.5,20803
20101,Lane,KS,2.4,1670
20103,Leavenworth,KS,164.7,79315
20105,Lincoln,KS,4.5,3105
20107,Linn,KS,16.3,9536
20109,Logan,KS,2.6,2825
20111,Lyon,KS,39.8,33339
20113,McPherson,KS,32.5,28941
20115,Marion,KS,13.4,12103
20117,Marshall,KS,11.2,9936
20119,Meade,KS,4.7,4330
20121,Miami,KS,57,32553
20123,Mitchell,KS,9.1,6282
20125,Montgomery,KS,55.1,33314
20127,Morris,KS,8.5,5645
20129,Morton,KS,4.4,3007
20131,Nemaha,KS,14.2,10227
20133,Neosho,KS,28.9,16346
20135,Ness,KS,2.9,3005
20137,Norton,KS,6.5,5550
20139,Osage,KS,23.1,15847
20141,Osborne,KS,4.3,3683
20143,Ottawa,KS,8.5,5975
20145,Pawnee,KS,9.2,6838
20147,Phillips,KS,6.4,5428
20149,Pottawatomie,KS,25.7,23298
20151,Pratt,KS,13.1,9691
20153,Rawlins,KS,2.4,2506
20155,Reno,KS,51.4,63718
20157,Republic,KS,6.9,4725
20159,Rice,KS,13.9,9977
20161,Riley,KS,116.6,75247
20163,Rooks,KS,5.8,5174
20165,Rush,KS,4.6,3130
20167,Russell,KS,7.9,7039
20169,Saline,KS,77.2,55691
20171,Scott,KS,6.9,4964
20173,Sedgwick,KS,499.6,511574
20175,Seward,KS,35.9,23152
20177,Shawnee,KS,327.1,178725
20179,Sheridan,KS,2.9,2512
20181,Sherman,KS,5.7,5983
20183,Smith,KS,4.3,3704
20185,Stafford,KS,5.6,4236
20187,Stanton,KS,3.3,2072
20189,Stevens,KS,7.9,5806
20191,Sumner,KS,20.4,23535
20193,Thomas,KS,7.4,7904
20195,Trego,KS,3.4,2927
20197,Wabaunsee,KS,8.9,6951
20199,Wallace,KS,1.6,1518
20201,Washington,KS,6.5,5598
20203,Wichita,KS,3.1,2157
20205,Wilson,KS,16.5,8856
20207,Woodson,KS,6.6,3115
20209,Wyandotte,KS,1039,163369
21001,Adair,KY,46,19027
21003,Allen,KY,58,20640
21005,Anderson,KY,106.1,21979
21007,Ballard,KY,33.4,8212
21009,Barren,KY,86.5,43570
21011,Bath,KY,41.6,12228
21013,Bell,KY,79.9,27337
21015,Boone,KY,482.3,127712
21017,Bourbon,KY,69,20116
21019,Boyd,KY,309.9,48325
21021,Boyle,KY,157.8,29809
21023,Bracken,KY,41.3,8321
21025,Breathitt,KY,28.2,13484
21027,Breckinridge,KY,35.4,20018
21029,Bullitt,KY,250.2,78702
21031,Butler,KY,29.8,12938
21033,Caldwell,KY,37.7,12681
21035,Calloway,KY,96.6,38343
21037,Campbell,KY,597,92066
21039,Carlisle,KY,26.9,4874
21041,Carroll,KY,84.1,10699
21043,Carter,KY,67.7,27158
21045,Casey,KY,35.9,15808
21047,Christian,KY,103.1,73309
21049,Clark,KY,141.1,35757
21051,Clay,KY,46.3,21013
21053,Clinton,KY,52.1,10174
21055,Crittenden,KY,25.9,9183
21057,Cumberland,KY,22.5,6759
21059,Daviess,KY,210.9,99259
21061,Edmonson,KY,40.2,12007
21063,Elliott,KY,33.5,7648
21065,Estill,KY,58,14375
21067,Fayette,KY,1042.8,314488
21069,Fleming,KY,41.2,14637
21071,Floyd,KY,100.3,37756
21073,Franklin,KY,237.2,50375
21075,Fulton,KY,33.2,6238
21077,Gallatin,KY,84.8,8636
21079,Garrard,KY,73.5,17237
21081,Grant,KY,95.6,24757
21083,Graves,KY,67.3,37421
21085,Grayson,KY,51.8,26221
21087,Green,KY,39.4,11010
21089,Greenup,KY,107.2,36068
21091,Hancock,KY,45.6,8692
21093,Hardin,KY,169.3,106439
21095,Harlan,KY,62.9,27703
21097,Harrison,KY,61.5,18763
21099,Hart,KY,44.2,18454
21101,Henderson,KY,105.9,46407
21103,Henry,KY,53.9,15620
21105,Hickman,KY,20.2,4612
21107,Hopkins,KY,86.6,46222
21109,Jackson,KY,39.1,13352
21111,Jefferson,KY,1948.1,763623
21113,Jessamine,KY,282.3,51961
21115,Johnson,KY,89.2,23175
21117,Kenton,KY,996.7,165012
21119,Knott,KY,46.5,15693
21121,Knox,KY,82.5,31730
21123,Larue,KY,54.3,14241
21125,Laurel,KY,135.6,60094
21127,Lawrence,KY,38.2,15745
21129,Lee,KY,37.8,6752
21131,Leslie,KY,28.2,10711
21133,Letcher,KY,72.6,23123
21135,Lewis,KY,28.7,13682
21137,Lincoln,KY,74.1,24463
21139,Livingston,KY,30.4,9316
21141,Logan,KY,48.6,26910
21143,Lyon,KY,38.9,8306
21145,McCracken,KY,263.6,65018
21147,McCreary,KY,42.9,17878
21149,McLean,KY,37.8,9512
21151,Madison,KY,189.6,87824
21153,Magoffin,KY,43.2,12808
21155,Marion,KY,57.8,19365
21157,Marshall,KY,104.4,31101
21159,Martin,KY,56.3,12307
21161,Mason,KY,72.8,17099
21163,Meade,KY,93.6,27924
21165,Menifee,KY,31,6358
21167,Mercer,KY,85.7,21407
21169,Metcalfe,KY,34.9,9909
21171,Monroe,KY,33.3,10667
21173,Montgomery,KY,134.3,27608
21175,Morgan,KY,36.5,13275
21177,Muhlenberg,KY,67.4,31183
21179,Nelson,KY,104,45126
21181,Nicholas,KY,36.6,7131
21183,Ohio,KY,40.6,24216
21185,Oldham,KY,322.2,64875
21187,Owen,KY,30.9,10730
21189,Owsley,KY,24.1,4461
21191,Pendleton,KY,53.7,14408
21193,Perry,KY,84.5,27565
21195,Pike,KY,82.6,61792
21197,Powell,KY,70.5,12269
21199,Pulaski,KY,95.8,63782
21201,Robertson,KY,22.8,2138
21203,Rockcastle,KY,53.9,16942
21205,Rowan,KY,83.4,23892
21207,Russell,KY,69.2,17662
21209,Scott,KY,167.4,52420
21211,Shelby,KY,110.8,45632
21213,Simpson,KY,74,18006
21215,Spencer,KY,91.4,17894
21217,Taylor,KY,92,25420
21219,Todd,KY,33.3,12531
21221,Trigg,KY,32.5,14233
21223,Trimble,KY,58.1,8769
21225,Union,KY,43.8,15050
21227,Warren,KY,210.1,122851
21229,Washington,KY,39.4,12063
21231,Wayne,KY,45.4,20464
21233,Webster,KY,41,13170
21235,Whitley,KY,81.4,36129
21237,Wolfe,KY,33.1,7259
21239,Woodford,KY,132.1,25793
22001,Acadia,LA,94.3,62577
22003,Allen,LA,33.8,25683
22005,Ascension,LA,369.7,119455
22007,Assumption,LA,69.2,22842
22009,Avoyelles,LA,50.5,41103
22011,Beauregard,LA,30.8,36462
22013,Bienville,LA,17.7,13786
22015,Bossier,LA,139.3,125175
22017,Caddo,LA,290.2,251460
22019,Calcasieu,LA,181.2,198788
22021,Caldwell,LA,19.1,9993
22023,Cameron,LA,5.3,6817
22025,Catahoula,LA,14.7,10147
22027,Claiborne,LA,22.8,16295
22029,Concordia,LA,29.9,20142
22031,De Soto,LA,30.4,27052
22033,East Baton Rouge,LA,966.6,446753
22035,East Carroll,LA,18.4,7307
22037,East Feliciana,LA,44.7,19696
22039,Evangeline,LA,51.3,33743
22041,Franklin,LA,33.2,20410
22043,Grant,LA,34.7,22343
22045,Iberia,LA,127.6,74103
22047,Iberville,LA,54,33095
22049,Jackson,LA,28.6,15858
22051,Jefferson,LA,1463.1,436275
22053,Jefferson Davis,LA,48.5,31439
22055,Lafayette,LA,824.6,240098
22057,Lafourche,LA,90.2,98325
22059,La Salle,LA,23.8,14974
22061,Lincoln,LA,99.1,47774
22063,Livingston,LA,197.5,137788
22065,Madison,LA,19.4,11514
22067,Morehouse,LA,35.2,26395
22069,Natchitoches,LA,31.6,39179
22071,Orleans,LA,2029.4,389617
22073,Ouachita,LA,251.8,156761
22075,Plaquemines,LA,29.5,23495
22077,Pointe Coupee,LA,40.9,22251
22079,Rapides,LA,99.9,132141
22081,Red River,LA,23.4,8593
22083,Richland,LA,37.1,20523
22085,Sabine,LA,28,24186
22087,St. Bernard,LA,95.1,45408
22089,St. Charles,LA,189.1,52812
22091,St. Helena,LA,27.4,10567
22093,St. James,LA,91.5,21567
22095,St. John the Baptist,LA,215.5,43626
22097,St. Landry,LA,90.3,83848
22099,St. Martin,LA,70.7,53835
22101,St. Mary,LA,98.4,52810
22103,St. Tammany,LA,276.4,250088
22105,Tangipahoa,LA,153,128755
22107,Tensas,LA,8.7,4740
22109,Terrebonne,LA,90.8,113972
22111,Union,LA,25.9,22477
22113,Vermilion,LA,49.4,59875
22115,Vernon,LA,39.4,50803
22117,Washington,LA,70.4,46371
22119,Webster,LA,69.5,40021
22121,West Baton Rouge,LA,123.6,25490
22123,West Carroll,LA,32.3,11293
22125,West Feliciana,LA,38.8,15385
22127,Winn,LA,16.1,14568
23001,Androscoggin,ME,230.2,107233
23003,Aroostook,ME,10.8,68628
23005,Cumberland,ME,337.2,289977
23007,Franklin,ME,18.1,29991
23009,Hancock,ME,34.3,54659
23011,Kennebec,ME,140.8,119980
23013,Knox,ME,108.8,39855
23015,Lincoln,ME,75.6,33969
23017,Oxford,ME,27.8,57202
23019,Penobscot,ME,45.3,152692
23021,Piscataquis,ME,4.4,16931
23023,Sagadahoc,ME,139.1,35149
23025,Somerset,ME,13.3,51113
23027,Waldo,ME,53.1,39155
23029,Washington,ME,12.8,31625
23031,York,ME,199,201169
24001,Allegany,MD,177,72528
24003,Anne Arundel,MD,1295.9,564195
24005,Baltimore,MD,1345.5,831128
24009,Calvert,MD,416.3,90595
24011,Caroline,MD,103.5,32579
24013,Carroll,MD,373.4,167627
24015,Cecil,MD,292,102382
24017,Charles,MD,320.2,156118
24019,Dorchester,MD,60.3,32384
24021,Frederick,MD,353.5,245322
24023,Garrett,MD,46.5,29460
24025,Harford,MD,560.1,250290
24027,Howard,MD,1144.9,313414
24029,Kent,MD,72.9,19787
24031,Montgomery,MD,1978.2,1040116
24033,Prince George's,MD,1788.8,909535
24035,Queen Anne's,MD,128.5,48904
24037,St. Mary's,MD,294.4,111413
24039,Somerset,MD,82.8,25768
24041,Talbot,MD,140.7,37512
24043,Washington,MD,322.1,149585
24045,Wicomico,MD,263.7,102370
24047,Worcester,MD,109.9,51540
24510,Baltimore city,MD,7671.5,621849
25001,Barnstable,MA,548.3,214333
25003,Berkshire,MA,141.6,127828
25005,Bristol,MA,991.3,556772
25007,Dukes,MA,160.2,17299
25009,Essex,MA,1508.8,776043
25011,Franklin,MA,102.1,70601
25013,Hampden,MA,751,470690
25015,Hampshire,MA,299.8,161292
25017,Middlesex,MA,1837.9,1585139
25019,Nantucket,MA,226.2,10925
25021,Norfolk,MA,1693.6,696023
25023,Plymouth,MA,750.9,510393
25025,Suffolk,MA,12415.7,778121
25027,Worcester,MA,528.6,818963
26001,Alcona,MI,16.2,10349
26003,Alger,MI,10.5,9383
26005,Allegan,MI,135,114625
26007,Alpena,MI,51.8,28803
26009,Antrim,MI,49.6,23154
26011,Arenac,MI,43.8,15261
26013,Baraga,MI,9.9,8575
26015,Barry,MI,107,59314
26017,Bay,MI,243.7,105659
26019,Benzie,MI,54.8,17457
26021,Berrien,MI,276.2,154636
26023,Branch,MI,89.4,43664
26025,Calhoun,MI,192.8,134314
26027,Cass,MI,106.7,51657
26029,Charlevoix,MI,62.3,26238
26031,Cheboygan,MI,36.6,25427
26033,Chippewa,MI,24.7,38033
26035,Clare,MI,54.8,30553
26037,Clinton,MI,133.1,77390
26039,Crawford,MI,25.3,13801
26041,Delta,MI,31.7,36377
26043,Dickinson,MI,34.4,25788
26045,Eaton,MI,187.3,108801
26047,Emmet,MI,69.9,33161
26049,Genesee,MI,668.5,410849
26051,Gladwin,MI,51.2,25164
26053,Gogebic,MI,14.9,15431
26055,Grand Traverse,MI,187.3,91636
26057,Gratiot,MI,74.7,41540
26059,Hillsdale,MI,78.1,45941
26061,Houghton,MI,36.3,36380
26063,Huron,MI,39.6,31883
26065,Ingham,MI,505.1,286085
26067,Ionia,MI,111.9,64223
26069,Iosco,MI,47.1,25345
26071,Iron,MI,10.1,11348
26073,Isabella,MI,122.8,70698
26075,Jackson,MI,228.4,159494
26077,Kalamazoo,MI,445.7,260263
26079,Kalkaska,MI,30.6,17260
26081,Kent,MI,711.5,636369
26083,Keweenaw,MI,4,2168
26085,Lake,MI,20.3,11424
26087,Lapeer,MI,137.4,88373
26089,Leelanau,MI,62.5,21981
26091,Lenawee,MI,133.3,98573
26093,Livingston,MI,320.2,187316
26095,Luce,MI,7.4,6415
26097,Mackinac,MI,10.9,10890
26099,Macomb,MI,1754.9,864840
26101,Manistee,MI,45.6,24461
26103,Marquette,MI,37.1,67215
26105,Mason,MI,58,28783
26107,Mecosta,MI,77.1,43067
26109,Menominee,MI,23,23548
26111,Midland,MI,162,83632
26113,Missaukee,MI,26.3,14903
26115,Monroe,MI,276.7,149568
26117,Montcalm,MI,89.8,62945
26119,Montmorency,MI,17.9,9259
26121,Muskegon,MI,344.9,172790
26123,Newaygo,MI,59.6,47948
26125,Oakland,MI,1385.7,1242304
26127,Oceana,MI,51.9,26105
26129,Ogemaw,MI,38.5,20937
26131,Ontonagon,MI,5.2,6007
26133,Osceola,MI,41.5,23058
26135,Oscoda,MI,15.3,8251
26137,Otsego,MI,46.9,24253
26139,Ottawa,MI,468.2,279955
26141,Presque Isle,MI,20.3,12841
26143,Roscommon,MI,47.1,23898
26145,Saginaw,MI,250.2,193307
26147,St. Clair,MI,226.1,159875
26149,St. Joseph,MI,122.4,61018
26151,Sanilac,MI,44.8,41475
26153,Schoolcraft,MI,7.2,8173
26155,Shiawassee,MI,133.1,68619
26157,Tuscola,MI,69.4,53777
26159,Van Buren,MI,125.5,75077
26161,Washtenaw,MI,488.4,358880
26163,Wayne,MI,2974.4,1759335
26165,Wexford,MI,57.9,33003
27001,Aitkin,MN,8.9,15702
27003,Anoka,MN,782.1,344151
27005,Becker,MN,24.7,33386
27007,Beltrami,MN,17.7,45672
27009,Benton,MN,94.2,39710
27011,Big Stone,MN,10.6,5040
27013,Blue Earth,MN,85.6,65787
27015,Brown,MN,42.4,25313
27017,Carlton,MN,41.1,35569
27019,Carver,MN,256.9,98741
27021,Cass,MN,14.1,28706
27023,Chippewa,MN,21.4,12109
27025,Chisago,MN,129.9,54293
27027,Clay,MN,56.4,62324
27029,Clearwater,MN,8.7,8803
27031,Cook,MN,3.6,5194
27033,Cottonwood,MN,18.3,11549
27035,Crow Wing,MN,62.6,63428
27037,Dakota,MN,709,414686
27039,Dodge,MN,45.7,20364
27041,Douglas,MN,56.5,37075
27043,Faribault,MN,20.4,14050
27045,Fillmore,MN,24.2,20834
27047,Freeborn,MN,44.2,30613
27049,Goodhue,MN,61,46435
27051,Grant,MN,11,5903
27053,Hennepin,MN,2081.7,1223149
27055,Houston,MN,34.5,18773
27057,Hubbard,MN,22.1,20655
27059,Isanti,MN,86.8,38429
27061,Itasca,MN,16.9,45435
27063,Jackson,MN,14.6,10079
27065,Kanabec,MN,31.1,15837
27067,Kandiyohi,MN,53,42542
27069,Kittson,MN,4.1,4424
27071,Koochiching,MN,4.3,12841
27073,Lac qui Parle,MN,9.5,6856
27075,Lake,MN,5.2,10631
27077,Lake of the Woods,MN,3.1,3923
27079,Le Sueur,MN,61.7,27663
27081,Lincoln,MN,11,5771
27083,Lyon,MN,36.2,25673
27085,McLeod,MN,74.6,35932
27087,Mahnomen,MN,9.7,5457
27089,Marshall,MN,5.3,9423
27091,Martin,MN,29.3,20022
27093,Meeker,MN,38.3,23102
27095,Mille Lacs,MN,45.6,25788
27097,Morrison,MN,29.5,32775
27099,Mower,MN,55.1,39116
27101,Murray,MN,12.4,8413
27103,Nicollet,MN,73,33347
27105,Nobles,MN,29.9,21770
27107,Norman,MN,7.9,6678
27109,Olmsted,MN,220.8,151436
27111,Otter Tail,MN,29.1,57716
27113,Pennington,MN,22.6,14219
27115,Pine,MN,21.1,29069
27117,Pipestone,MN,20.6,9271
27119,Polk,MN,16,31533
27121,Pope,MN,16.4,11041
27123,Ramsey,MN,3341.7,538133
27125,Red Lake,MN,9.5,4055
27127,Redwood,MN,18.3,15471
27129,Renville,MN,16,14892
27131,Rice,MN,129.4,65400
27133,Rock,MN,20.1,9600
27135,Roseau,MN,9.3,15770
27137,St. Louis,MN,32,200431
27139,Scott,MN,364.5,141660
27141,Sherburne,MN,204.4,91705
27143,Sibley,MN,25.9,14875
27145,Stearns,MN,112.2,154708
27147,Steele,MN,85.1,36755
27149,Stevens,MN,17.3,9796
27151,Swift,MN,13.2,9340
27153,Todd,MN,26.3,24257
27155,Traverse,MN,6.2,3401
27157,Wabasha,MN,41.4,21239
27159,Wadena,MN,25.8,13875
27161,Waseca,MN,45.2,18989
27163,Washington,MN,619.7,251597
27165,Watonwan,MN,25.8,10952
27167,Wilkin,MN,8.8,6396
27169,Winona,MN,82.2,50885
27171,Wright,MN,188.5,131311
27173,Yellow Medicine,MN,13.8,9875
28001,Adams,MS,69.8,31254
28003,Alcorn,MS,92.6,37388
28005,Amite,MS,18,12574
28007,Attala,MS,26.6,19043
28009,Benton,MS,21.5,8182
28011,Bolivar,MS,39,33322
28013,Calhoun,MS,25.5,14717
28015,Carroll,MS,16.9,10243
28017,Chickasaw,MS,34.7,17328
28019,Choctaw,MS,20.4,8299
28021,Claiborne,MS,19.7,9150
28023,Clarke,MS,24.2,16006
28025,Clay,MS,50.3,20048
28027,Coahoma,MS,47.3,24620
28029,Copiah,MS,37.9,28773
28031,Covington,MS,47.3,19543
28033,DeSoto,MS,338.7,173323
28035,Forrest,MS,160.7,75944
28037,Franklin,MS,14.4,7743
28039,George,MS,47.2,23373
28041,Greene,MS,20.2,13522
28043,Grenada,MS,51.9,21578
28045,Hancock,MS,92.7,46420
28047,Harrison,MS,326,201410
28049,Hinds,MS,282,242891
28051,Holmes,MS,25.4,18340
28053,Humphreys,MS,22.4,8669
28055,Issaquena,MS,3.4,1337
28057,Itawamba,MS,43.9,23609
28059,Jackson,MS,193.2,141425
28061,Jasper,MS,25.2,16569
28063,Jefferson,MS,14.9,7507
28065,Jefferson Davis,MS,30.6,11665
28067,Jones,MS,97.5,68215
28069,Kemper,MS,13.6,9969
28071,Lafayette,MS,75,53154
28073,Lamar,MS,112,60618
28075,Lauderdale,MS,114.1,78524
28077,Lawrence,MS,30,12622
28079,Leake,MS,40.8,22763
28081,Lee,MS,184.3,85300
28083,Leflore,MS,54.5,30999
28085,Lincoln,MS,59.5,34649
28087,Lowndes,MS,118.3,59710
28089,Madison,MS,133.2,103465
28091,Marion,MS,49.9,25563
28093,Marshall,MS,52.6,35916
28095,Monroe,MS,48.3,35827
28097,Montgomery,MS,26.8,10152
28099,Neshoba,MS,52.1,29463
28101,Newton,MS,37.6,21747
28103,Noxubee,MS,16.6,11043
28105,Oktibbeha,MS,104,49800
28107,Panola,MS,50.7,34167
28109,Pearl River,MS,68.9,55191
28111,Perry,MS,18.9,12277
28113,Pike,MS,98.8,39956
28115,Pontotoc,MS,60.2,30908
28117,Prentiss,MS,60.9,25459
28119,Quitman,MS,20.3,7486
28121,Rankin,MS,182.6,149039
28123,Scott,MS,46.4,28265
28125,Sharkey,MS,11.4,4585
28127,Simpson,MS,46.7,27222
28129,Smith,MS,25.9,16059
28131,Stone,MS,39.9,18070
28133,Sunflower,MS,42.2,27005
28135,Tallahatchie,MS,23.8,14588
28137,Tate,MS,71.4,28296
28139,Tippah,MS,48.6,22131
28141,Tishomingo,MS,46.2,19552
28143,Tunica,MS,23.7,10343
28145,Union,MS,65.3,28429
28147,Walthall,MS,38.2,14638
28149,Warren,MS,82.9,47485
28151,Washington,MS,70.6,48130
28153,Wayne,MS,25.6,20566
28155,Webster,MS,24.4,9899
28157,Wilkinson,MS,14.6,9122
28159,Winston,MS,31.6,18317
28161,Yalobusha,MS,27.1,12447
28163,Yazoo,MS,30.4,27387
29001,Adair,MO,45.1,25378
29003,Andrew,MO,40,17296
29005,Atchison,MO,10.4,5306
29007,Audrain,MO,36.9,26096
29009,Barry,MO,45.7,35829
29011,Barton,MO,21,11880
29013,Bates,MO,20.4,16446
29015,Benton,MO,27.1,18670
29017,Bollinger,MO,20,12182
29019,Boone,MO,237.3,174974
29021,Buchanan,MO,218.6,89100
29023,Butler,MO,61.6,42951
29025,Caldwell,MO,22.1,9014
29027,Callaway,MO,53.1,44834
29029,Camden,MO,67.1,44237
29031,Cape Girardeau,MO,130.8,78572
29033,Carroll,MO,13.4,8992
29035,Carter,MO,12.3,6263
29037,Cass,MO,142.8,101603
29039,Cedar,MO,29.5,13934
29041,Chariton,MO,10.4,7589
29043,Christian,MO,137.6,83279
29045,Clark,MO,14.1,6801
29047,Clay,MO,558.6,235637
29049,Clinton,MO,49.5,20609
29051,Cole,MO,193,76720
29053,Cooper,MO,31.2,17642
29055,Crawford,MO,33.3,24526
29057,Dade,MO,16.1,7595
29059,Dallas,MO,31,16393
29061,Daviess,MO,15,8253
29063,DeKalb,MO,30.6,12687
29065,Dent,MO,20.8,15593
29067,Douglas,MO,16.8,13373
29069,Dunklin,MO,59.1,30895
29071,Franklin,MO,110,102426
29073,Gasconade,MO,29.4,14858
29075,Gentry,MO,13.7,6692
29077,Greene,MO,407.5,288072
29079,Grundy,MO,23.6,10097
29081,Harrison,MO,12.4,8615
29083,Henry,MO,32,21737
29085,Hickory,MO,24.1,9201
29087,Holt,MO,10.6,4484
29089,Howard,MO,21.9,10139
29091,Howell,MO,43.6,40117
29093,Iron,MO,19.3,10125
29095,Jackson,MO,1115.3,687623
29097,Jasper,MO,183.9,118596
29099,Jefferson,MO,333.1,224124
29101,Johnson,MO,63.4,53951
29103,Knox,MO,8.2,3910
29105,Laclede,MO,46.5,35473
29107,Lafayette,MO,53.1,32701
29109,Lawrence,MO,63.2,38180
29111,Lewis,MO,20.2,10207
29113,Lincoln,MO,83.9,54696
29115,Linn,MO,20.7,12308
29117,Livingston,MO,28.5,15028
29119,McDonald,MO,42.8,22643
29121,Macon,MO,19.4,15335
29123,Madison,MO,24.7,12408
29125,Maries,MO,17.4,8963
29127,Marion,MO,65.9,28880
29129,Mercer,MO,8.3,3694
29131,Miller,MO,41.8,25113
29133,Mississippi,MO,34.9,14036
29135,Moniteau,MO,37.6,15963
29137,Monroe,MO,13.6,8583
29139,Montgomery,MO,22.8,11703
29141,Morgan,MO,34.4,20171
29143,New Madrid,MO,28.1,18208
29145,Newton,MO,93,58615
29147,Nodaway,MO,26.6,22810
29149,Oregon,MO,13.8,10953
29151,Osage,MO,23,13628
29153,Ozark,MO,13.1,9409
29155,Pemiscot,MO,37.1,17482
29157,Perry,MO,40,19183
29159,Pettis,MO,61.9,42255
29161,Phelps,MO,67.2,44794
29163,Pike,MO,27.6,18348
29165,Platte,MO,212.6,96096
29167,Polk,MO,49,31229
29169,Pulaski,MO,95.5,53221
29171,Putnam,MO,9.6,4858
29173,Ralls,MO,21.6,10196
29175,Randolph,MO,52.7,25104
29177,Ray,MO,41.3,22810
29179,Reynolds,MO,8.3,6432
29181,Ripley,MO,22.4,13802
29183,St. Charles,MO,643.2,385590
29185,St. Clair,MO,14.6,9440
29186,Ste. Genevieve,MO,36.4,17919
29187,St. Francois,MO,144.6,66520
29189,St. Louis,MO,1967.2,1003362
29195,Saline,MO,30.9,23258
29197,Schuyler,MO,14.4,4436
29199,Scotland,MO,11.1,4854
29201,Scott,MO,93.3,39008
29203,Shannon,MO,8.4,8258
29205,Shelby,MO,12.7,6128
29207,Stoddard,MO,36.4,29862
29209,Stone,MO,69.4,30943
29211,Sullivan,MO,10.4,6353
29213,Taney,MO,81.7,54592
29215,Texas,MO,22.1,25690
29217,Vernon,MO,25.6,20826
29219,Warren,MO,75.9,33513
29221,Washington,MO,33.2,24788
29223,Wayne,MO,17.8,13405
29225,Webster,MO,61.1,37483
29227,Worth,MO,8.1,2057
29229,Wright,MO,27.6,18268
29510,St. Louis city,MO,5157.5,315685
30001,Beaverhead,MT,1.7,9300
30003,Big Horn,MT,2.6,13242
30005,Blaine,MT,1.5,6577
30007,Broadwater,MT,4.7,5689
30009,Carbon,MT,4.9,10408
30011,Carter,MT,0.3,1180
30013,Cascade,MT,30.1,82278
30015,Chouteau,MT,1.5,5767
30017,Custer,MT,3.1,12135
30019,Daniels,MT,1.2,1760
30021,Dawson,MT,3.8,9625
30023,Deer Lodge,MT,12.6,9139
30025,Fallon,MT,1.8,3190
30027,Fergus,MT,2.7,11427
30029,Flathead,MT,17.9,96165
30031,Gallatin,MT,34.4,100739
30033,Garfield,MT,0.3,1314
30035,Glacier,MT,4.5,13647
30037,Golden Valley,MT,0.8,827
30039,Granite,MT,1.8,3240
30041,Hill,MT,5.6,16572
30043,Jefferson,MT,6.9,11645
30045,Judith Basin,MT,1.1,1926
30047,Lake,MT,19.3,29457
30049,Lewis and Clark,MT,18.3,66418
30051,Liberty,MT,1.6,2408
30053,Lincoln,MT,5.4,19052
30055,McCone,MT,0.7,1683
30057,Madison,MT,2.1,7915
30059,Meagher,MT,0.8,1830
30061,Mineral,MT,3.5,4251
30063,Missoula,MT,42.1,114181
30065,Musselshell,MT,2.4,4582
30067,Park,MT,5.6,15972
30069,Petroleum,MT,0.3,475
30071,Phillips,MT,0.8,4169
30073,Pondera,MT,3.8,6184
30075,Powder River,MT,0.5,1773
30077,Powell,MT,3,6840
30079,Prairie,MT,0.7,1160
30081,Ravalli,MT,16.8,41373
30083,Richland,MT,4.7,11960
30085,Roosevelt,MT,4.4,11476
30087,Rosebud,MT,1.8,9398
30089,Sanders,MT,4.1,11336
30091,Sheridan,MT,2,3687
30093,Silver Bow,MT,47.6,34622
30095,Stillwater,MT,5.1,9486
30097,Sweet Grass,MT,2,3634
30099,Teton,MT,2.7,6104
30101,Toole,MT,2.8,5087
30103,Treasure,MT,0.7,697
30105,Valley,MT,1.5,7659
30107,Wheatland,MT,1.5,2110
30109,Wibaux,MT,1.1,1130
30111,Yellowstone,MT,56.2,157048
31001,Adams,NE,55.7,31587
31003,Antelope,NE,7.8,6414
31005,Arthur,NE,0.6,456
31007,Banner,NE,0.9,788
31009,Blaine,NE,0.7,487
31011,Boone,NE,8,5315
31013,Box Butte,NE,10.5,11337
31015,Boyd,NE,3.9,2006
31017,Brown,NE,2.6,2946
31019,Buffalo,NE,47.6,48863
31021,Burt,NE,14,6585
31023,Butler,NE,14.4,8115
31025,Cass,NE,45.3,25512
31027,Cedar,NE,12,8564
31029,Chase,NE,4.4,3956
31031,Cherry,NE,1,5848
31033,Cheyenne,NE,8.4,10167
31035,Clay,NE,11.4,6309
31037,Colfax,NE,25.5,10520
31039,Cuming,NE,16,9125
31041,Custer,NE,4.2,10806
31043,Dakota,NE,79.5,20781
31045,Dawes,NE,6.6,9055
31047,Dawson,NE,24,23886
31049,Deuel,NE,4.4,1921
31051,Dixon,NE,12.6,5797
31053,Dodge,NE,69.4,36706
31055,Douglas,NE,1574.4,550064
31057,Dundy,NE,2.2,1799
31059,Fillmore,NE,10.2,5619
31061,Franklin,NE,5.6,2985
31063,Frontier,NE,2.8,2624
31065,Furnas,NE,6.9,4862
31067,Gage,NE,26.2,21900
31069,Garden,NE,1.2,1918
31071,Garfield,NE,3.6,2028
31073,Gosper,NE,4.5,1973
31075,Grant,NE,0.8,641
31077,Greeley,NE,4.5,2429
31079,Hall,NE,107.3,61680
31081,Hamilton,NE,16.8,9190
31083,Harlan,NE,6.2,3452
31085,Hayes,NE,1.4,932
31087,Hitchcock,NE,4.1,2883
31089,Holt,NE,4.3,10313
31091,Hooker,NE,1,732
31093,Howard,NE,11,6409
31095,Jefferson,NE,13.2,7263
31097,Johnson,NE,13.9,5173
31099,Kearney,NE,12.6,6585
31101,Keith,NE,7.9,8063
31103,Keya Paha,NE,1.1,804
31105,Kimball,NE,4,3689
31107,Knox,NE,7.9,8543
31109,Lancaster,NE,340.8,306468
31111,Lincoln,NE,14.2,35656
31113,Logan,NE,1.3,777
31115,Loup,NE,1.1,585
31117,McPherson,NE,0.6,475
31119,Madison,NE,60.9,35039
31121,Merrick,NE,16.2,7787
31123,Morrill,NE,3.5,4854
31125,Nance,NE,8.5,3595
31127,Nemaha,NE,17.8,7046
31129,Nuckolls,NE,7.8,4329
31131,Otoe,NE,25.6,15984
31133,Pawnee,NE,6.4,2659
31135,Perkins,NE,3.4,2944
31137,Phelps,NE,17,9296
31139,Pierce,NE,12.7,7208
31141,Platte,NE,47.8,32847
31143,Polk,NE,12.3,5202
31145,Red Willow,NE,15.4,10829
31147,Richardson,NE,15.2,8094
31149,Rock,NE,1.5,1381
31151,Saline,NE,24.7,14282
31153,Sarpy,NE,664.6,175692
31155,Saunders,NE,27.7,21016
31157,Scotts Bluff,NE,50,36261
31159,Seward,NE,29.3,17110
31161,Sheridan,NE,2.2,5220
31163,Sherman,NE,5.6,3091
31165,Sioux,NE,0.6,1260
31167,Stanton,NE,14.3,5937
31169,Thayer,NE,9.1,5163
31171,Thomas,NE,0.9,684
31173,Thurston,NE,17.6,7064
31175,Valley,NE,7.5,4154
31177,Washington,NE,51.9,20248
31179,Wayne,NE,21.7,9367
31181,Webster,NE,6.6,3625
31183,Wheeler,NE,1.4,750
31185,York,NE,23.9,13806
32001,Churchill,NV,5,24200
32003,Clark,NV,247.3,2114801
32005,Douglas,NV,66.2,47710
32007,Elko,NV,2.8,51935
32009,Esmeralda,NV,0.2,829
32011,Eureka,NV,0.5,2016
32013,Humboldt,NV,1.7,17019
32015,Lander,NV,1.1,5903
32017,Lincoln,NV,0.5,5036
32019,Lyon,NV,26,52585
32021,Mineral,NV,1.3,4478
32023,Nye,NV,2.4,42477
32027,Pershing,NV,1.1,6634
32029,Storey,NV,15.3,3987
32031,Washoe,NV,66.9,446903
32033,White Pine,NV,1.1,9811
32510,Carson City city,NV,382.1,54521
33001,Belknap,NH,150.1,60641
33003,Carroll,NH,51.4,47285
33005,Cheshire,NH,109.1,75909
33007,Coos,NH,18.4,31212
33009,Grafton,NH,52.2,89320
33011,Hillsborough,NH,457.4,406678
33013,Merrimack,NH,156.8,147994
33015,Rockingham,NH,425,301777
33017,Strafford,NH,333.7,126825
33019,Sullivan,NH,81.4,42967
34001,Atlantic,NJ,494.1,274219
34003,Bergen,NJ,3884.5,938506
34005,Burlington,NJ,561.9,450226
34007,Camden,NJ,2321.5,510923
34009,Cape May,NJ,386.9,94727
34011,Cumberland,NJ,324.4,155854
34013,Essex,NJ,6211.5,797434
34015,Gloucester,NJ,895.3,291479
34017,Hudson,NJ,13731.4,674836
34019,Hunterdon,NJ,300,125488
34021,Mercer,NJ,1632.2,371398
34023,Middlesex,NJ,2621.6,840900
34025,Monmouth,NJ,1344.7,628715
34027,Morris,NJ,1069.8,499509
34029,Ocean,NJ,917,588721
34031,Passaic,NJ,2715.3,510916
34033,Salem,NJ,199.1,64180
34035,Somerset,NJ,1071.7,333654
34037,Sussex,NJ,287.6,143673
34039,Union,NJ,5216.1,555786
34041,Warren,NJ,304.5,106869
35001,Bernalillo,NM,570.8,676685
35003,Catron,NM,0.5,3456
35005,Chaves,NM,10.8,65764
35006,Cibola,NM,6,27329
35007,Colfax,NM,3.7,12414
35009,Curry,NM,34.4,50398
35011,De Baca,NM,0.9,1828
35013,Dona Ana,NM,55,214295
35015,Eddy,NM,12.9,57578
35017,Grant,NM,7.4,28609
35019,Guadalupe,NM,1.5,4371
35021,Harding,NM,0.3,698
35023,Hidalgo,NM,1.4,4423
35025,Lea,NM,14.7,71180
35027,Lincoln,NM,4.2,19420
35028,Los Alamos,NM,164.4,17785
35029,Luna,NM,8.5,24518
35031,McKinley,NM,13.1,76708
35033,Mora,NM,2.5,4596
35035,Otero,NM,9.6,64362
35037,Quay,NM,3.1,8455
35039,Rio Arriba,NM,6.9,39465
35041,Roosevelt,NM,8.1,19120
35043,Sandoval,NM,35.5,139394
35045,San Juan,NM,23.6,118737
35047,San Miguel,NM,6.2,27967
35049,Santa Fe,NM,75.5,148686
35051,Sierra,NM,2.9,11282
35053,Socorro,NM,2.7,17256
35055,Taos,NM,15,32907
35057,Torrance,NM,4.9,15485
35059,Union,NM,1.2,4201
35061,Valencia,NM,71.8,75737
36001,Albany,NY,581.9,309381
36003,Allegany,NY,47.6,47462
36005,Bronx,NY,32903.6,1455444
36007,Broome,NY,284.2,196567
36009,Cattaraugus,NY,61.4,77922
36011,Cayuga,NY,115.7,78288
36013,Chautauqua,NY,127.2,130779
36015,Chemung,NY,218.1,87071
36017,Chenango,NY,56.5,48844
36019,Clinton,NY,79.1,81251
36021,Columbia,NY,99.4,61509
36023,Cortland,NY,98.9,48494
36025,Delaware,NY,33.3,46053
36027,Dutchess,NY,373.9,295754
36029,Erie,NY,881.4,922578
36031,Essex,NY,21.9,38478
36033,Franklin,NY,31.7,50660
36035,Fulton,NY,112.1,53992
36037,Genesee,NY,121.9,58937
36039,Greene,NY,76.1,47625
36041,Hamilton,NY,2.8,4712
36043,Herkimer,NY,45.7,63100
36045,Jefferson,NY,91.6,117635
36047,Kings,NY,35369.1,2636735
36049,Lewis,NY,21.3,26957
36051,Livingston,NY,103.5,64717
36053,Madison,NY,112.2,71849
36055,Monroe,NY,1132.6,749600
36057,Montgomery,NY,124.6,49642
36059,Nassau,NY,4704.8,1361350
36061,New York,NY,69467.5,1644518
36063,Niagara,NY,414.4,212652
36065,Oneida,NY,193.7,232500
36067,Onondaga,NY,600,468463
36069,Ontario,NY,167.6,109561
36071,Orange,NY,459.3,377647
36073,Orleans,NY,109.6,41582
36075,Oswego,NY,128.3,120146
36077,Otsego,NY,62.2,60636
36079,Putnam,NY,432.9,99042
36081,Queens,NY,20553.6,2339150
36083,Rensselaer,NY,244.4,160266
36085,Richmond,NY,8030.3,474558
36087,Rockland,NY,1795.9,326037
36089,St. Lawrence,NY,41.8,111007
36091,Saratoga,NY,271.1,226249
36093,Schenectady,NY,756.6,154604
36095,Schoharie,NY,52.7,31330
36097,Schuyler,NY,55.9,18186
36099,Seneca,NY,108.9,34833
36101,Steuben,NY,71.2,97631
36103,Suffolk,NY,1637.4,1501587
36105,Sullivan,NY,80.1,74877
36107,Tioga,NY,98.6,49453
36109,Tompkins,NY,214,104926
36111,Ulster,NY,162.3,180143
36113,Warren,NY,75.8,64688
36115,Washington,NY,76.1,62230
36117,Wayne,NY,155.3,91446
36119,Westchester,NY,2204.7,976396
36121,Wyoming,NY,71.1,41013
36123,Yates,NY,75,25048
37001,Alamance,NC,356.5,158276
37003,Alexander,NC,143.1,37325
37005,Alleghany,NC,47.5,10837
37007,Anson,NC,50.7,25759
37009,Ashe,NC,64,27020
37011,Avery,NC,72,17689
37013,Beaufort,NC,57.7,47651
37015,Bertie,NC,30.4,20199
37017,Bladen,NC,40.2,34318
37019,Brunswick,NC,126.8,122765
37021,Buncombe,NC,362.9,253178
37023,Burke,NC,179.3,88842
37025,Cabarrus,NC,492.1,196762
37027,Caldwell,NC,176.1,81287
37029,Camden,NC,41.5,10309
37031,Carteret,NC,131.3,68879
37033,Caswell,NC,55.8,22941
37035,Catawba,NC,387.1,155056
37037,Chatham,NC,93.1,70928
37039,Cherokee,NC,60.3,27178
37041,Chowan,NC,85.8,14394
37043,Clay,NC,49.3,10703
37045,Cleveland,NC,211.3,96879
37047,Columbus,NC,62,56694
37049,Craven,NC,146,103451
37051,Cumberland,NC,489.7,323838
37053,Currituck,NC,89.9,25263
37055,Dare,NC,88.5,35663
37057,Davidson,NC,294.7,164622
37059,Davie,NC,156.2,41753
37061,Duplin,NC,71.7,59159
37063,Durham,NC,935.7,300952
37065,Edgecombe,NC,111.9,54150
37067,Forsyth,NC,859.2,369019
37069,Franklin,NC,123.3,63710
37071,Gaston,NC,578.8,213442
37073,Gates,NC,35.8,11431
37075,Graham,NC,30.3,8616
37077,Granville,NC,112.7,58674
37079,Greene,NC,80.3,21134
37081,Guilford,NC,756.4,517600
37083,Halifax,NC,75.5,52456
37085,Harnett,NC,192.7,128140
37087,Haywood,NC,106.6,59868
37089,Henderson,NC,286.1,112655
37091,Hertford,NC,69.9,24184
37093,Hoke,NC,120.2,52671
37095,Hyde,NC,9.5,5526
37097,Iredell,NC,277.8,169866
37099,Jackson,NC,82.1,41265
37101,Johnston,NC,213.4,185660
37103,Jones,NC,21.6,10013
37105,Lee,NC,227,59660
37107,Lenoir,NC,148.5,58106
37109,Lincoln,NC,262.7,81035
37111,McDowell,NC,102.1,44989
37113,Macon,NC,65.8,34201
37115,Madison,NC,46.2,21139
37117,Martin,NC,53.1,23357
37119,Mecklenburg,NC,1755.5,1034070
37121,Mitchell,NC,70.4,15246
37123,Montgomery,NC,56.5,27548
37125,Moore,NC,126.5,94352
37127,Nash,NC,177.3,93919
37129,New Hanover,NC,1058.1,220358
37131,Northampton,NC,41.2,20426
37133,Onslow,NC,233.1,186311
37135,Orange,NC,336.2,141354
37137,Pamlico,NC,39.1,12781
37139,Pasquotank,NC,179.2,39829
37141,Pender,NC,60,57611
37143,Perquimans,NC,54.4,13440
37145,Person,NC,100.6,39259
37147,Pitt,NC,257.9,175842
37149,Polk,NC,86.3,20366
37151,Randolph,NC,181.1,142799
37153,Richmond,NC,98.4,45437
37155,Robeson,NC,141.3,134197
37157,Rockingham,NC,165.6,91758
37159,Rowan,NC,270.7,139142
37161,Rutherford,NC,120.2,66390
37163,Sampson,NC,67.1,63724
37165,Scotland,NC,113.4,35509
37167,Stanly,NC,153.3,60714
37169,Stokes,NC,105.6,46351
37171,Surry,NC,138.4,72743
37173,Swain,NC,26.5,14434
37175,Transylvania,NC,87.4,33211
37177,Tyrrell,NC,11.3,4070
37179,Union,NC,318.7,222742
37181,Vance,NC,179.2,44568
37183,Wake,NC,1078.8,1024198
37185,Warren,NC,48.9,20155
37187,Washington,NC,38,12385
37189,Watauga,NC,163.4,52906
37191,Wayne,NC,221.7,124132
37193,Wilkes,NC,91.9,68502
37195,Wilson,NC,220.6,81714
37197,Yadkin,NC,114.7,37585
37199,Yancey,NC,57,17587
38001,Adams,ND,2.4,2359
38003,Barnes,ND,7.4,11099
38005,Benson,ND,4.8,6753
38007,Billings,ND,0.7,936
38009,Bottineau,ND,3.9,6716
38011,Bowman,ND,2.7,3294
38013,Burke,ND,1.8,2308
38015,Burleigh,ND,49.8,92991
38017,Cass,ND,84.9,171512
38019,Cavalier,ND,2.7,3828
38021,Dickey,ND,4.7,5104
38023,Divide,ND,1.6,2450
38025,Dunn,ND,1.8,4646
38027,Eddy,ND,3.8,2365
38029,Emmons,ND,2.4,3402
38031,Foster,ND,5.3,3356
38033,Golden Valley,ND,1.7,1845
38035,Grand Forks,ND,46.5,70916
38037,Grant,ND,1.4,2388
38039,Griggs,ND,3.4,2314
38041,Hettinger,ND,2.2,2704
38043,Kidder,ND,1.8,2417
38045,LaMoure,ND,3.6,4125
38047,Logan,ND,2,1935
38049,McHenry,ND,2.9,5968
38051,McIntosh,ND,2.9,2759
38053,McKenzie,ND,2.3,12826
38055,McLean,ND,4.2,9744
38057,Mercer,ND,8.1,8853
38059,Morton,ND,14.3,30310
38061,Mountrail,ND,4.2,10331
38063,Nelson,ND,3.2,2968
38065,Oliver,ND,2.6,1846
38067,Pembina,ND,6.6,7091
38069,Pierce,ND,4.3,4312
38071,Ramsey,ND,9.6,11630
38073,Ransom,ND,6.3,5448
38075,Renville,ND,2.8,2571
38077,Richland,ND,11.4,16402
38079,Rolette,ND,15.4,14649
38081,Sargent,ND,4.5,3876
38083,Sheridan,ND,1.4,1310
38085,Sioux,ND,3.8,4370
38087,Slope,ND,0.6,767
38089,Stark,ND,18.1,32154
38091,Steele,ND,2.8,1956
38093,Stutsman,ND,9.5,21103
38095,Towner,ND,2.2,2272
38097,Traill,ND,9.4,8014
38099,Walsh,ND,8.7,10897
38101,Ward,ND,30.6,71275
38103,Wells,ND,3.3,4168
38105,Williams,ND,10.8,35294
39001,Adams,OH,48.9,28024
39003,Allen,OH,264.2,104425
39005,Ashland,OH,125.6,53213
39007,Ashtabula,OH,144.6,98632
39009,Athens,OH,128.6,65886
39011,Auglaize,OH,114.5,45876
39013,Belmont,OH,132.3,69154
39015,Brown,OH,91.5,43839
39017,Butler,OH,788.2,376353
39019,Carroll,OH,73.1,27811
39021,Champaign,OH,93.5,38987
39023,Clark,OH,348,135959
39025,Clermont,OH,436.5,201973
39027,Clinton,OH,102.9,41917
39029,Columbiana,OH,202.7,104806
39031,Coshocton,OH,65.4,36569
39033,Crawford,OH,109,42306
39035,Cuyahoga,OH,2800,1255921
39037,Darke,OH,88.5,52076
39039,Defiance,OH,94.9,38352
39041,Delaware,OH,393.2,193013
39043,Erie,OH,306.4,75550
39045,Fairfield,OH,289.8,151408
39047,Fayette,OH,71.4,28679
39049,Franklin,OH,2186.1,1251722
39051,Fulton,OH,105.3,42537
39053,Gallia,OH,66.3,30142
39055,Geauga,OH,233.4,94102
39057,Greene,OH,390.5,164427
39059,Guernsey,OH,76.8,39258
39061,Hamilton,OH,1976.7,807598
39063,Hancock,OH,140.7,75573
39065,Hardin,OH,68.1,31682
39067,Harrison,OH,39.4,15450
39069,Henry,OH,67.8,27816
39071,Highland,OH,78.8,43026
39073,Hocking,OH,69.7,28491
39075,Holmes,OH,100.3,43909
39077,Huron,OH,121.3,58469
39079,Jackson,OH,79,32596
39081,Jefferson,OH,170.7,67347
39083,Knox,OH,115.9,61061
39085,Lake,OH,1011.2,229245
39087,Lawrence,OH,137.7,61109
39089,Licking,OH,243.9,170570
39091,Logan,OH,100,45386
39093,Lorain,OH,613.6,305147
39095,Lucas,OH,1296.2,433689
39097,Madison,OH,93.2,44094
39099,Mahoning,OH,580.2,231900
39101,Marion,OH,164.7,65355
39103,Medina,OH,409,176395
39105,Meigs,OH,55.3,23257
39107,Mercer,OH,88.3,40968
39109,Miami,OH,252.1,104224
39111,Monroe,OH,32.1,14409
39113,Montgomery,OH,1159.5,532258
39115,Morgan,OH,36.2,14777
39117,Morrow,OH,85.8,35074
39119,Muskingum,OH,129.5,86290
39121,Noble,OH,36.8,14326
39123,Ottawa,OH,162.5,40877
39125,Paulding,OH,47.1,18976
39127,Perry,OH,88.4,35985
39129,Pickaway,OH,111.1,56998
39131,Pike,OH,65.2,28217
39133,Portage,OH,331.2,162275
39135,Preble,OH,99.7,41329
39137,Putnam,OH,71.5,34042
39139,Richland,OH,251.3,121707
39141,Ross,OH,113.3,77170
39143,Sandusky,OH,149.2,59679
39145,Scioto,OH,130.3,76825
39147,Seneca,OH,103,55610
39149,Shelby,OH,121.2,48901
39151,Stark,OH,652.9,375165
39153,Summit,OH,1312.6,541968
39155,Trumbull,OH,340.1,203751
39157,Tuscarawas,OH,163.1,92916
39159,Union,OH,121.1,54277
39161,Van Wert,OH,70.3,28562
39163,Vinton,OH,32.6,13048
39165,Warren,OH,530,224469
39167,Washington,OH,97.8,61112
39169,Wayne,OH,206.4,116063
39171,Williams,OH,89.4,37120
39173,Wood,OH,203.3,129730
39175,Wyandot,OH,55.6,22243
40001,Adair,OK,39.6,22004
40003,Alfalfa,OK,6.5,5868
40005,Atoka,OK,14.5,13793
40007,Beaver,OK,3.1,5427
40009,Beckham,OK,24.5,23768
40011,Blaine,OK,12.9,9833
40013,Bryan,OK,46.9,44884
40015,Caddo,OK,23.2,29343
40017,Canadian,OK,128.9,133378
40019,Carter,OK,57.8,48689
40021,Cherokee,OK,62.7,48447
40023,Choctaw,OK,19.7,14997
40025,Cimarron,OK,1.3,2216
40027,Cleveland,OK,474.7,274458
40029,Coal,OK,11.5,5651
40031,Comanche,OK,116.1,124648
40033,Cotton,OK,9.8,5996
40035,Craig,OK,19.7,14818
40037,Creek,OK,73.6,70892
40039,Custer,OK,27.8,29744
40041,Delaware,OK,56.2,41459
40043,Dewey,OK,4.8,4995
40045,Ellis,OK,3.4,4231
40047,Garfield,OK,57.2,63569
40049,Garvin,OK,34.4,27755
40051,Grady,OK,47.6,54648
40053,Grant,OK,4.5,4523
40055,Greer,OK,9.8,6070
40057,Harmon,OK,5.4,2788
40059,Harper,OK,3.5,3754
40061,Haskell,OK,22.1,12845
40063,Hughes,OK,17.4,13735
40065,Jackson,OK,32.9,25574
40067,Jefferson,OK,8.5,6276
40069,Johnston,OK,17,10980
40071,Kay,OK,50.6,45366
40073,Kingfisher,OK,16.7,15584
40075,Kiowa,OK,9.3,9144
40077,Latimer,OK,15.4,10483
40079,Le Flore,OK,31.7,49605
40081,Lincoln,OK,36,35042
40083,Logan,OK,56.3,45996
40085,Love,OK,18.3,9870
40087,McClain,OK,60.5,38066
40089,McCurtain,OK,17.9,33048
40091,McIntosh,OK,32.7,19990
40093,Major,OK,7.9,7771
40095,Marshall,OK,42.7,16232
40097,Mayes,OK,63,40887
40099,Murray,OK,32.4,13936
40101,Muskogee,OK,87.6,69699
40103,Noble,OK,15.8,11554
40105,Nowata,OK,18.6,10539
40107,Okfuskee,OK,19.7,12181
40109,Oklahoma,OK,1013.8,776864
40111,Okmulgee,OK,57.5,39187
40113,Osage,OK,21.1,47887
40115,Ottawa,OK,67.6,31981
40117,Pawnee,OK,29.2,16436
40119,Payne,OK,113,80850
40121,Pittsburg,OK,35.1,44610
40123,Pontotoc,OK,52,38194
40125,Pottawatomie,OK,88.2,71875
40127,Pushmataha,OK,8.3,11183
40129,Roger Mills,OK,3.2,3788
40131,Rogers,OK,128.6,90802
40133,Seminole,OK,40.3,25548
40135,Sequoyah,OK,63,41153
40137,Stephens,OK,51.8,44581
40139,Texas,OK,10.1,21489
40141,Tillman,OK,9.2,7515
40143,Tulsa,OK,1058.1,639242
40145,Wagoner,OK,130.1,76559
40147,Washington,OK,122.7,52021
40149,Washita,OK,11.6,11661
40151,Woods,OK,6.9,9304
40153,Woodward,OK,16.2,21559
41001,Baker,OR,5.3,16005
41003,Benton,OR,126.6,87572
41005,Clackamas,OR,201,401515
41007,Clatsop,OR,44.7,37831
41009,Columbia,OR,75.1,49600
41011,Coos,OR,39.5,63121
41013,Crook,OR,7,21630
41015,Curry,OR,13.7,22483
41017,Deschutes,OR,52.3,175268
41019,Douglas,OR,21.4,107685
41021,Gilliam,OR,1.6,1859
41023,Grant,OR,1.6,7185
41025,Harney,OR,0.7,7200
41027,Hood River,OR,42.8,23137
41029,Jackson,OR,73,212567
41031,Jefferson,OR,12.2,22666
41033,Josephine,OR,50.4,84745
41035,Klamath,OR,11.2,66016
41037,Lake,OR,1,7829
41039,Lane,OR,77.2,362895
41041,Lincoln,OR,47,47038
41043,Linn,OR,50.9,120547
41045,Malheur,OR,3.2,30380
41047,Marion,OR,266.7,330700
41049,Morrow,OR,5.5,11190
41051,Multnomah,OR,1704.9,790294
41053,Polk,OR,101.8,79391
41055,Sherman,OR,2.1,1680
41057,Tillamook,OR,22.9,25653
41059,Umatilla,OR,23.6,76531
41061,Union,OR,12.6,25790
41063,Wallowa,OR,2.2,6856
41065,Wasco,OR,10.6,25775
41067,Washington,OR,731.4,574326
41069,Wheeler,OR,0.8,1358
41071,Yamhill,OR,138.6,102659
42001,Adams,PA,195.5,102295
42003,Allegheny,PA,1675.6,1230459
42005,Armstrong,PA,105.5,67052
42007,Beaver,PA,392.3,168871
42009,Bedford,PA,49.2,48586
42011,Berks,PA,480.4,415271
42013,Blair,PA,241.7,125593
42015,Bradford,PA,54.6,61281
42017,Bucks,PA,1034.7,627367
42019,Butler,PA,233.1,186818
42021,Cambria,PA,208.7,136411
42023,Cameron,PA,12.8,4732
42025,Carbon,PA,171.1,63960
42027,Centre,PA,138.7,160580
42029,Chester,PA,664.7,515939
42031,Clarion,PA,66.6,39498
42033,Clearfield,PA,71.3,80994
42035,Clinton,PA,44.2,39441
42037,Columbia,PA,139.3,66672
42039,Crawford,PA,87.7,86484
42041,Cumberland,PA,431.6,246338
42043,Dauphin,PA,510.6,272983
42045,Delaware,PA,3040.5,563894
42047,Elk,PA,38.6,30872
42049,Erie,PA,351.1,278045
42051,Fayette,PA,172.8,133628
42053,Forest,PA,18.1,7410
42055,Franklin,PA,193.7,153638
42057,Fulton,PA,33.9,14629
42059,Greene,PA,67.2,37519
42061,Huntingdon,PA,52.5,45668
42063,Indiana,PA,107.5,86966
42065,Jefferson,PA,69.3,44430
42067,Juniata,PA,63,24737
42069,Lackawanna,PA,467.1,211917
42071,Lancaster,PA,550.4,536624
42073,Lawrence,PA,254.4,88082
42075,Lebanon,PA,369.1,137067
42077,Lehigh,PA,1012.5,360685
42079,Luzerne,PA,360.4,318449
42081,Lycoming,PA,94.5,116048
42083,McKean,PA,44.4,42412
42085,Mercer,PA,173.4,114234
42087,Mifflin,PA,113.6,46500
42089,Monroe,PA,279.2,166397
42091,Montgomery,PA,1655.9,819264
42093,Montour,PA,140.3,18557
42095,Northampton,PA,805.4,300813
42097,Northumberland,PA,206.2,93246
42099,Perry,PA,83.4,45685
42101,Philadelphia,PA,11379.5,1567442
42103,Pike,PA,105.3,55949
42105,Potter,PA,16.1,17093
42107,Schuylkill,PA,190.4,144590
42109,Snyder,PA,120.8,40444
42111,Somerset,PA,72.4,75522
42113,Sullivan,PA,14.3,6328
42115,Susquehanna,PA,52.7,41666
42117,Tioga,PA,37,41877
42119,Union,PA,142.2,44954
42121,Venango,PA,81.5,53119
42123,Warren,PA,47.3,40396
42125,Washington,PA,242.5,208261
42127,Wayne,PA,72.8,51198
42129,Westmoreland,PA,355.4,357956
42131,Wyoming,PA,71.2,27800
42133,York,PA,481.1,442867
44001,Bristol,RI,2064,49084
44003,Kent,RI,985.9,164801
44005,Newport,RI,809.6,82423
44007,Providence,RI,1530.3,633473
44009,Washington,RI,385.7,126517
45001,Abbeville,SC,51.8,24932
45003,Aiken,SC,149.5,165829
45005,Allendale,SC,25.5,9433
45007,Anderson,SC,261.6,194692
45009,Bamberg,SC,40.6,14880
45011,Barnwell,SC,41.2,21725
45013,Beaufort,SC,281.5,179589
45015,Berkeley,SC,161.8,202786
45017,Calhoun,SC,39.8,14781
45019,Charleston,SC,382.3,389262
45021,Cherokee,SC,140.9,56194
45023,Chester,SC,57.1,32267
45025,Chesterfield,SC,58.5,46017
45027,Clarendon,SC,57.6,33775
45029,Colleton,SC,36.8,37731
45031,Darlington,SC,122.4,67548
45033,Dillon,SC,79.2,31234
45035,Dorchester,SC,238.2,152478
45037,Edgefield,SC,53.9,26514
45039,Fairfield,SC,34.9,22747
45041,Florence,SC,171.1,138900
45043,Georgetown,SC,73.9,61298
45045,Greenville,SC,574.7,491863
45047,Greenwood,SC,153.2,69838
45049,Hampton,SC,37.7,20049
45051,Horry,SC,237.5,309199
45053,Jasper,SC,37.8,27824
45055,Kershaw,SC,84.9,63603
45057,Lancaster,SC,139.6,85842
45059,Laurens,SC,93.2,66623
45061,Lee,SC,46.9,17896
45063,Lexington,SC,375.4,281833
45065,McCormick,SC,28.5,9706
45067,Marion,SC,67.6,31747
45069,Marlboro,SC,60.3,27494
45071,Newberry,SC,59.5,38012
45073,Oconee,SC,118.6,75713
45075,Orangeburg,SC,83.6,89208
45077,Pickens,SC,240.2,121691
45079,Richland,SC,507.9,407051
45081,Saluda,SC,43.9,20053
45083,Spartanburg,SC,351.9,297302
45085,Sumter,SC,161.6,107480
45087,Union,SC,56.3,27777
45089,Williamsburg,SC,36.8,32535
45091,York,SC,332.2,251195
46003,Aurora,SD,3.8,2733
46005,Beadle,SD,13.8,18372
46007,Bennett,SD,2.9,3423
46009,Bon Homme,SD,12.5,6985
46011,Brookings,SD,40.3,33897
46013,Brown,SD,21.3,38785
46015,Brule,SD,6.4,5281
46017,Buffalo,SD,4.1,2095
46019,Butte,SD,4.5,10283
46021,Campbell,SD,2,1397
46023,Charles Mix,SD,8.3,9383
46025,Clark,SD,3.9,3659
46027,Clay,SD,33.6,13964
46029,Codington,SD,39.5,27939
46031,Corson,SD,1.6,4197
46033,Custer,SD,5.3,8446
46035,Davison,SD,44.8,19858
46037,Day,SD,5.6,5539
46039,Deuel,SD,7,4333
46041,Dewey,SD,2.3,5685
46043,Douglas,SD,7,2977
46045,Edmunds,SD,3.6,3999
46047,Fall River,SD,4.1,6867
46049,Faulk,SD,2.4,2337
46051,Grant,SD,10.8,7142
46053,Gregory,SD,4.2,4201
46055,Haakon,SD,1.1,1861
46057,Hamlin,SD,11.6,6047
46059,Hand,SD,2.4,3348
46061,Hanson,SD,7.7,3385
46063,Harding,SD,0.5,1267
46065,Hughes,SD,23,17555
46067,Hutchinson,SD,9,7301
46069,Hyde,SD,1.7,1397
46071,Jackson,SD,1.6,3321
46073,Jerauld,SD,3.9,1997
46075,Jones,SD,1,924
46077,Kingsbury,SD,6.2,4990
46079,Lake,SD,19.9,12622
46081,Lawrence,SD,30.1,24827
46083,Lincoln,SD,77.7,52849
46085,Lyman,SD,2.3,3876
46087,McCook,SD,9.8,5599
46089,McPherson,SD,2.2,2415
46091,Marshall,SD,5.6,4769
46093,Meade,SD,7.3,26986
46095,Mellette,SD,1.6,2050
46097,Miner,SD,4.2,2236
46099,Minnehaha,SD,210,185197
46101,Moody,SD,12.5,6430
46102,Oglala Lakota County,SD,6.5,14373
46103,Pennington,SD,36.4,108702
46105,Perkins,SD,1,3019
46107,Potter,SD,2.7,2320
46109,Roberts,SD,9.2,10311
46111,Sanborn,SD,4.1,2355
46115,Spink,SD,4.3,6524
46117,Stanley,SD,2.1,2954
46119,Sully,SD,1.4,1426
46121,Todd,SD,6.9,9959
46123,Tripp,SD,3.5,5434
46125,Turner,SD,13.5,8209
46127,Union,SD,31.3,14909
46129,Walworth,SD,7.7,5443
46135,Yankton,SD,43.1,22702
46137,Ziebach,SD,1.4,2803
47001,Anderson,TN,222.8,75749
47003,Bedford,TN,95.1,47183
47005,Benton,TN,41.8,16129
47007,Bledsoe,TN,31.7,14502
47009,Blount,TN,220.2,127253
47011,Bradley,TN,301,104091
47013,Campbell,TN,84.8,39752
47015,Cannon,TN,52,13840
47017,Carroll,TN,47.6,27910
47019,Carter,TN,168.3,56486
47021,Cheatham,TN,129.3,39741
47023,Chester,TN,60,17471
47025,Claiborne,TN,74.1,31709
47027,Clay,TN,33.2,7771
47029,Cocke,TN,82.1,35162
47031,Coffee,TN,123.1,54277
47033,Crockett,TN,54.9,14601
47035,Cumberland,TN,82.3,58229
47037,Davidson,TN,1243.3,678889
47039,Decatur,TN,35.2,11660
47041,DeKalb,TN,61.5,19182
47043,Dickson,TN,101.4,51487
47045,Dyer,TN,74.8,37893
47047,Fayette,TN,54.5,39165
47049,Fentress,TN,36,17917
47051,Franklin,TN,74,41449
47053,Gibson,TN,82.4,49399
47055,Giles,TN,48.3,28946
47057,Grainger,TN,80.7,22846
47059,Greene,TN,110.6,68580
47061,Grundy,TN,38,13441
47063,Hamblen,TN,388,63402
47065,Hamilton,TN,620.3,354098
47067,Hancock,TN,30.7,6572
47069,Hardeman,TN,40.8,25707
47071,Hardin,TN,45.1,25756
47073,Hawkins,TN,116.7,56471
47075,Haywood,TN,35.2,18023
47077,Henderson,TN,53.4,28015
47079,Henry,TN,57.5,32147
47081,Hickman,TN,40.3,24363
47083,Houston,TN,42.1,8149
47085,Humphreys,TN,34.9,18135
47087,Jackson,TN,37.7,11509
47089,Jefferson,TN,187.6,53240
47091,Johnson,TN,61.1,17830
47093,Knox,TN,850.5,451324
47095,Lake,TN,47.2,7576
47097,Lauderdale,TN,58.9,26936
47099,Lawrence,TN,67.8,42564
47101,Lewis,TN,43.1,11854
47103,Lincoln,TN,58.5,33743
47105,Loudon,TN,211.8,51130
47107,McMinn,TN,121.5,52639
47109,McNairy,TN,46.3,26066
47111,Macon,TN,72.4,23177
47113,Madison,TN,176.4,97610
47115,Marion,TN,56.7,28487
47117,Marshall,TN,81.5,31552
47119,Maury,TN,132,87757
47121,Meigs,TN,60.2,11830
47123,Monroe,TN,70,45771
47125,Montgomery,TN,319.6,193479
47127,Moore,TN,49.2,6322
47129,Morgan,TN,42.1,21498
47131,Obion,TN,58.4,30639
47133,Overton,TN,50.9,22129
47135,Perry,TN,19.1,7929
47137,Pickett,TN,31.2,5146
47139,Polk,TN,38.7,16773
47141,Putnam,TN,180.3,74553
47143,Rhea,TN,100.9,32526
47145,Roane,TN,150.2,52753
47147,Robertson,TN,139.2,68570
47149,Rutherford,TN,424,298612
47151,Scott,TN,41.8,21950
47153,Sequatchie,TN,53.1,14811
47155,Sevier,TN,151.7,95946
47157,Shelby,TN,1215.5,938069
47159,Smith,TN,61,19295
47161,Stewart,TN,29,13259
47163,Sullivan,TN,379.4,156791
47165,Sumner,TN,303.4,175989
47167,Tipton,TN,133.3,61870
47169,Trousdale,TN,68.9,8042
47171,Unicoi,TN,98.4,17860
47173,Union,TN,85.5,19119
47175,Van Buren,TN,20.3,5677
47177,Warren,TN,92.1,40435
47179,Washington,TN,376.7,126302
47181,Wayne,TN,23.2,16748
47183,Weakley,TN,60.3,33960
47185,White,TN,68.6,26521
47187,Williamson,TN,314.4,211672
47189,Wilson,TN,199.7,128911
48001,Anderson,TX,55,57580
48003,Andrews,TX,9.9,18105
48005,Angelina,TX,108.8,88255
48007,Aransas,TX,91.9,25350
48009,Archer,TX,10,8715
48011,Armstrong,TX,2.1,1947
48013,Atascosa,TX,36.8,48435
48015,Austin,TX,44,29563
48017,Bailey,TX,8.7,7210
48019,Bandera,TX,25.9,21269
48021,Bastrop,TX,83.5,80527
48023,Baylor,TX,4.3,3618
48025,Bee,TX,36.2,32874
48027,Bell,TX,295.2,334941
48029,Bexar,TX,1383.1,1897753
48031,Blanco,TX,14.8,11004
48033,Borden,TX,0.7,648
48035,Bosque,TX,18.5,17891
48037,Bowie,TX,104.6,93389
48039,Brazoria,TX,230.7,346312
48041,Brazos,TX,332.8,215037
48043,Brewster,TX,1.5,9145
48045,Briscoe,TX,1.8,1505
48047,Brooks,TX,7.7,7230
48049,Brown,TX,40.3,37896
48051,Burleson,TX,26.1,17460
48053,Burnet,TX,43,45463
48055,Caldwell,TX,69.8,40522
48057,Calhoun,TX,42.2,21895
48059,Callahan,TX,15.1,13557
48061,Cameron,TX,456,422156
48063,Camp,TX,63.3,12682
48065,Carson,TX,6.7,5969
48067,Cass,TX,32.5,30313
48069,Castro,TX,9,7656
48071,Chambers,TX,58.8,38863
48073,Cherokee,TX,48.3,51542
48075,Childress,TX,10.1,7088
48077,Clay,TX,9.9,10360
48079,Cochran,TX,4,2953
48081,Coke,TX,3.6,3238
48083,Coleman,TX,7,8338
48085,Collin,TX,930,914127
48087,Collingsworth,TX,3.3,3044
48089,Colorado,TX,21.7,20870
48091,Comal,TX,193.9,129048
48093,Comanche,TX,14.9,13430
48095,Concho,TX,4.2,4081
48097,Cooke,TX,43.9,39229
48099,Coryell,TX,71.7,75503
48101,Cottle,TX,1.7,1426
48103,Crane,TX,5.6,5048
48105,Crockett,TX,1.3,3710
48107,Crosby,TX,6.7,5977
48109,Culberson,TX,0.6,2236
48111,Dallam,TX,4.5,7121
48113,Dallas,TX,2718,2553385
48115,Dawson,TX,15.4,13520
48117,Deaf Smith,TX,12.9,18952
48119,Delta,TX,20.4,5217
48121,Denton,TX,754.3,780612
48123,DeWitt,TX,22.1,20797
48125,Dickens,TX,2.7,2206
48127,Dimmit,TX,7.5,10980
48129,Donley,TX,4,3499
48131,Duval,TX,6.6,11388
48133,Eastland,TX,20.1,18171
48135,Ector,TX,152.8,159436
48137,Edwards,TX,0.9,1894
48139,Ellis,TX,159.9,163632
48141,El Paso,TX,790.6,835593
48143,Erath,TX,35,41122
48145,Falls,TX,23.3,17142
48147,Fannin,TX,38.1,33693
48149,Fayette,TX,25.8,25110
48151,Fisher,TX,4.4,3827
48153,Floyd,TX,6.5,5901
48155,Foard,TX,1.9,1220
48157,Fort Bend,TX,679.5,716087
48159,Franklin,TX,37.3,10651
48161,Freestone,TX,22.6,19691
48163,Frio,TX,15.2,18793
48165,Gaines,TX,11.7,20051
48167,Galveston,TX,769.9,322225
48169,Garza,TX,7.2,6415
48171,Gillespie,TX,23.5,25963
48173,Glasscock,TX,1.4,1315
48175,Goliad,TX,8.5,7531
48177,Gonzales,TX,18.6,20573
48179,Gray,TX,24.3,23210
48181,Grayson,TX,129.6,125467
48183,Gregg,TX,445.4,124108
48185,Grimes,TX,33.8,27512
48187,Guadalupe,TX,184.9,151249
48189,Hale,TX,36.1,34360
48191,Hall,TX,3.8,3138
48193,Hamilton,TX,10.2,8159
48195,Hansford,TX,6.1,5610
48197,Hardeman,TX,6,3840
48199,Hardin,TX,61.3,55865
48201,Harris,TX,2402.4,4538028
48203,Harrison,TX,72.9,66746
48205,Hartley,TX,4.1,6193
48207,Haskell,TX,6.5,5737
48209,Hays,TX,231.7,194739
48211,Hemphill,TX,4.2,4264
48213,Henderson,TX,89.9,79545
48215,Hidalgo,TX,493.2,842304
48217,Hill,TX,36.6,34855
48219,Hockley,TX,25.2,23433
48221,Hood,TX,121.7,55423
48223,Hopkins,TX,45.8,36223
48225,Houston,TX,19.3,22785
48227,Howard,TX,38.9,37206
48229,Hudspeth,TX,0.8,3379
48231,Hunt,TX,102.5,89844
48233,Hutchinson,TX,25,21734
48235,Irion,TX,1.5,1554
48237,Jack,TX,9.9,8878
48239,Jackson,TX,17,14816
48241,Jasper,TX,38,35506
48243,Jeff Davis,TX,1,2156
48245,Jefferson,TX,287.9,254308
48247,Jim Hogg,TX,4.7,5200
48249,Jim Wells,TX,47.2,41382
48251,Johnson,TX,208.3,159990
48253,Jones,TX,21.8,19970
48255,Karnes,TX,19.8,14975
48257,Kaufman,TX,132.4,114690
48259,Kendall,TX,50.4,40384
48261,Kenedy,TX,0.3,407
48263,Kent,TX,0.9,764
48265,Kerr,TX,45,50955
48267,Kimble,TX,3.7,4388
48269,King,TX,0.3,282
48271,Kinney,TX,2.6,3549
48273,Kleberg,TX,36.4,31857
48275,Knox,TX,4.4,3860
48277,Lamar,TX,54.9,49440
48279,Lamb,TX,13.8,13385
48281,Lampasas,TX,27.6,20588
48283,La Salle,TX,4.6,7631
48285,Lavaca,TX,19.9,19836
48287,Lee,TX,26.4,16898
48289,Leon,TX,15.7,17086
48291,Liberty,TX,65.3,79654
48293,Limestone,TX,25.8,23320
48295,Lipscomb,TX,3.5,3569
48297,Live Oak,TX,11.1,12229
48299,Llano,TX,20.7,19796
48301,Loving,TX,0.1,112
48303,Lubbock,TX,311.3,299453
48305,Lynn,TX,6.6,5724
48307,McCulloch,TX,7.8,8341
48309,McLennan,TX,226.5,245671
48311,McMullen,TX,0.6,820
48313,Madison,TX,29.3,14065
48315,Marion,TX,27.7,10160
48317,Martin,TX,5.2,5641
48319,Mason,TX,4.3,4032
48321,Matagorda,TX,33.4,36770
48323,Maverick,TX,42.4,57706
48325,Medina,TX,34.7,48417
48327,Menard,TX,2.5,2164
48329,Midland,TX,152,161077
48331,Milam,TX,24.3,24513
48333,Mills,TX,6.6,4900
48335,Mitchell,TX,10.3,9067
48337,Montague,TX,21.2,19262
48339,Montgomery,TX,437.5,537559
48341,Moore,TX,24.3,22255
48343,Morris,TX,51.3,12516
48345,Motley,TX,1.2,1148
48347,Nacogdoches,TX,68.2,65664
48349,Navarro,TX,47.3,48323
48351,Newton,TX,15.5,13986
48353,Nolan,TX,16.7,15107
48355,Nueces,TX,405.8,359715
48357,Ochiltree,TX,11.1,10747
48359,Oldham,TX,1.4,2069
48361,Orange,TX,245.3,84260
48363,Palo Pinto,TX,29.5,27895
48365,Panola,TX,29.7,23766
48367,Parker,TX,129.4,126042
48369,Parmer,TX,11.7,9749
48371,Pecos,TX,3.3,16203
48373,Polk,TX,43,46972
48375,Potter,TX,133.3,121802
48377,Presidio,TX,2,6876
48379,Rains,TX,47.6,11161
48381,Randall,TX,132.4,130269
48383,Reagan,TX,2.9,3792
48385,Real,TX,4.7,3307
48387,Red River,TX,12.4,12455
48389,Reeves,TX,5.2,14732
48391,Refugio,TX,9.6,7289
48393,Roberts,TX,1,916
48395,Robertson,TX,19.4,16659
48397,Rockwall,TX,616.7,90861
48399,Runnels,TX,10,10551
48401,Rusk,TX,57.7,53070
48403,Sabine,TX,22,10368
48405,San Augustine,TX,16.7,8473
48407,San Jacinto,TX,46.3,27413
48409,San Patricio,TX,93.5,67357
48411,San Saba,TX,5.4,5901
48413,Schleicher,TX,2.6,3211
48415,Scurry,TX,18.7,17615
48417,Shackelford,TX,3.7,3350
48419,Shelby,TX,32,25402
48421,Sherman,TX,3.3,3072
48423,Smith,TX,227.6,222936
48425,Somervell,TX,45.5,8739
48427,Starr,TX,49.8,63795
48429,Stephens,TX,10.7,9440
48431,Sterling,TX,1.2,1352
48433,Stonewall,TX,1.6,1410
48435,Sutton,TX,2.8,3913
48437,Swisher,TX,8.8,7533
48439,Tarrant,TX,2094.7,1982498
48441,Taylor,TX,143.6,136051
48443,Terrell,TX,0.4,837
48445,Terry,TX,14.2,12739
48447,Throckmorton,TX,1.8,1579
48449,Titus,TX,79.6,32623
48451,Tom Green,TX,72.4,118105
48453,Travis,TX,1034.4,1176558
48455,Trinity,TX,21,14402
48457,Tyler,TX,23.5,21347
48459,Upshur,TX,67.4,40603
48461,Upton,TX,2.7,3651
48463,Uvalde,TX,17,27245
48465,Val Verde,TX,15.5,48988
48467,Van Zandt,TX,62.4,53547
48469,Victoria,TX,98.4,92382
48471,Walker,TX,86.5,70699
48473,Waller,TX,84.1,48656
48475,Ward,TX,12.8,11721
48477,Washington,TX,55.8,34765
48479,Webb,TX,74.5,269721
48481,Wharton,TX,38,41486
48483,Wheeler,TX,5.9,5657
48485,Wichita,TX,209.5,131705
48487,Wilbarger,TX,13.9,13027
48489,Willacy,TX,37.5,21903
48491,Williamson,TX,378,508514
48493,Wilson,TX,53.4,47520
48495,Winkler,TX,8.5,8005
48497,Wise,TX,65.4,62953
48499,Wood,TX,65,43356
48501,Yoakum,TX,9.9,8546
48503,Young,TX,20.3,18270
48505,Zapata,TX,14,14374
48507,Zavala,TX,9,12235
49001,Beaver,UT,2.6,6354
49003,Box Elder,UT,8.7,52097
49005,Cache,UT,96.7,120783
49007,Carbon,UT,14.5,20479
49009,Daggett,UT,1.5,1109
49011,Davis,UT,1025.8,336043
49013,Duchesne,UT,5.7,20862
49015,Emery,UT,2.5,10370
49017,Garfield,UT,1,5009
49019,Grand,UT,2.5,9516
49021,Iron,UT,14,48368
49023,Juab,UT,3,10594
49025,Kane,UT,1.8,7131
49027,Millard,UT,1.9,12645
49029,Morgan,UT,15.5,11065
49031,Piute,UT,2.1,1517
49033,Rich,UT,2.2,2311
49035,Salt Lake,UT,1387.1,1107314
49037,San Juan,UT,1.9,15772
49039,Sanpete,UT,17.5,28778
49041,Sevier,UT,10.9,20984
49043,Summit,UT,19.4,39633
49045,Tooele,UT,8.4,62952
49047,Uintah,UT,7.3,37928
49049,Utah,UT,257.8,575205
49051,Wasatch,UT,20,29161
49053,Washington,UT,56.9,155602
49055,Wayne,UT,1.1,2692
49057,Weber,UT,401.4,243645
50001,Addison,VT,48,37035
50003,Bennington,VT,55,36317
50005,Caledonia,VT,48.1,30780
50007,Chittenden,VT,291.7,161382
50009,Essex,VT,9.5,6163
50011,Franklin,VT,75.3,48799
50013,Grand Isle,VT,85.2,6861
50015,Lamoille,VT,53.3,25235
50017,Orange,VT,42.1,28899
50019,Orleans,VT,39.3,27100
50021,Rutland,VT,66.3,59736
50023,Washington,VT,86.6,58612
50025,Windham,VT,56.7,43386
50027,Windsor,VT,58.5,55737
51001,Accomack,VA,73.8,32973
51003,Albemarle,VA,137.3,105703
51005,Alleghany,VA,36.5,15677
51007,Amelia,VA,35.7,12903
51009,Amherst,VA,68.3,31914
51011,Appomattox,VA,44.9,15414
51013,Arlington,VA,7993.6,229164
51015,Augusta,VA,76.3,74314
51017,Bath,VA,8.9,4470
51019,Bedford,VA,91.2,77724
51021,Bland,VA,19.1,6561
51023,Botetourt,VA,61.2,33347
51025,Brunswick,VA,30.8,16698
51027,Buchanan,VA,47.9,22776
51029,Buckingham,VA,29.6,17032
51031,Campbell,VA,108.8,55086
51033,Caroline,VA,54.1,29984
51035,Carroll,VA,63.3,29724
51036,Charles City,VA,39.7,7040
51037,Charlotte,VA,26.5,12201
51041,Chesterfield,VA,747.1,335687
51043,Clarke,VA,79.7,14363
51045,Craig,VA,15.7,5211
51047,Culpeper,VA,123.1,49432
51049,Cumberland,VA,33.8,9719
51051,Dickenson,VA,48.1,15115
51053,Dinwiddie,VA,55.6,27852
51057,Essex,VA,43.4,11130
51059,Fairfax,VA,2766.8,1142234
51061,Fauquier,VA,100.7,68782
51063,Floyd,VA,40.2,15651
51065,Fluvanna,VA,89.8,26235
51067,Franklin,VA,81.3,56264
51069,Frederick,VA,189.4,83199
51071,Giles,VA,48.6,16708
51073,Gloucester,VA,169.2,37143
51075,Goochland,VA,77.2,22253
51077,Grayson,VA,35.1,16012
51079,Greene,VA,117.8,19162
51081,Greensville,VA,41.5,11885
51083,Halifax,VA,44.3,35125
51085,Hanover,VA,213.1,103227
51087,Henrico,VA,1313.4,325155
51089,Henry,VA,141.6,51881
51091,Highland,VA,5.6,2214
51093,Isle of Wight,VA,111.8,36314
51095,James City,VA,470.4,73147
51097,King and Queen,VA,22,7158
51099,King George,VA,131.3,25515
51101,King William,VA,58.2,16269
51103,Lancaster,VA,85.5,10965
51105,Lee,VA,58.8,24742
51107,Loudoun,VA,605.8,375629
51109,Louisa,VA,66.8,34602
51111,Lunenburg,VA,29.9,12299
51113,Madison,VA,41.5,13134
51115,Mathews,VA,104.5,8862
51117,Mecklenburg,VA,52.3,31081
51119,Middlesex,VA,84.1,10606
51121,Montgomery,VA,243.9,97653
51125,Nelson,VA,31.9,14785
51127,New Kent,VA,87.9,20392
51131,Northampton,VA,58.5,12155
51133,Northumberland,VA,64.5,12232
51135,Nottoway,VA,50.4,15673
51137,Orange,VA,98.2,35385
51139,Page,VA,77.3,23726
51141,Patrick,VA,38.3,18045
51143,Pittsylvania,VA,65.5,62194
51145,Powhatan,VA,107.8,28031
51147,Prince Edward,VA,66.8,22952
51149,Prince George,VA,134.7,37862
51153,Prince William,VA,1195,451721
51155,Pulaski,VA,109,34332
51157,Rappahannock,VA,27.7,7378
51159,Richmond,VA,48.3,8908
51161,Roanoke,VA,368.7,94409
51163,Rockbridge,VA,37.3,22354
51165,Rockingham,VA,89.9,78593
51167,Russell,VA,61,27891
51169,Scott,VA,43.3,22126
51171,Shenandoah,VA,82.5,43190
51173,Smyth,VA,71.4,31470
51175,Southampton,VA,31,18109
51177,Spotsylvania,VA,304.9,130475
51179,Stafford,VA,479.5,142003
51181,Surry,VA,25.3,6709
51183,Sussex,VA,24.7,11715
51185,Tazewell,VA,86.9,42899
51187,Warren,VA,176,39083
51191,Washington,VA,97.8,54591
51193,Westmoreland,VA,76.1,17629
51195,Wise,VA,102.8,39718
51197,Wythe,VA,63.3,29119
51199,York,VA,624.8,67837
51510,Alexandria,VA,9314.3,153511
51520,Bristol,VA,1370.6,17141
51530,Buena Vista,VA,991.9,6618
51540,Charlottesville,VA,4246.4,46597
51550,Chesapeake,VA,652,235429
51570,Colonial Heights,VA,2315.3,17820
51580,Covington,VA,1090.2,5658
51590,Danville,VA,1002.8,42082
51595,Emporia,VA,859.7,5496
51600,Fairfax,VA,3616.8,24013
51610,Falls Church,VA,6169.1,13892
51620,Franklin,VA,1045.8,8490
51630,Fredericksburg,VA,2326.2,28118
51640,Galax,VA,854.6,6914
51650,Hampton,VA,2673.2,136454
51660,Harrisonburg,VA,2808.2,52538
51670,Hopewell,VA,2198,22378
51678,Lexington,VA,2820.2,7262
51680,Lynchburg,VA,1538.2,79812
51683,Manassas,VA,3827.6,41764
51685,Manassas Park,VA,5632.6,15726
51690,Martinsville,VA,1261.5,13645
51700,Newport News,VA,2630,182385
51710,Norfolk,VA,4486.4,246393
51720,Norton,VA,529.1,3939
51730,Petersburg,VA,1413.7,32477
51735,Poquoson,VA,793.2,12059
51740,Portsmouth,VA,2838.8,96201
51750,Radford,VA,1662.1,17403
51760,Richmond,VA,3414.7,220289
51770,Roanoke,VA,2279.8,99897
51775,Salem,VA,1717.9,25432
51790,Staunton,VA,1188.8,24416
51800,Suffolk,VA,211.4,88161
51810,Virginia Beach,VA,1758.9,452745
51820,Waynesboro,VA,1396.8,21491
51830,Williamsburg,VA,1559.3,15052
51840,Winchester,VA,2838,27284
53001,Adams,WA,9.7,19254
53003,Asotin,WA,34,22105
53005,Benton,WA,103,190309
53007,Chelan,WA,24.8,75644
53009,Clallam,WA,41.1,73486
53011,Clark,WA,676.2,459495
53013,Columbia,WA,4.7,3944
53015,Cowlitz,WA,89.8,103468
53017,Douglas,WA,21.1,40534
53019,Ferry,WA,3.4,7582
53021,Franklin,WA,62.9,88807
53023,Garfield,WA,3.2,2219
53025,Grant,WA,33.3,93259
53027,Grays Harbor,WA,38.3,71122
53029,Island,WA,376.6,80593
53031,Jefferson,WA,16.6,30466
53033,King,WA,912.9,2117125
53035,Kitsap,WA,635.9,260131
53037,Kittitas,WA,17.8,43269
53039,Klickitat,WA,10.9,21026
53041,Lewis,WA,31.4,75882
53043,Lincoln,WA,4.6,10321
53045,Mason,WA,63.3,61023
53047,Okanogan,WA,7.8,41516
53049,Pacific,WA,22.4,20848
53051,Pend Oreille,WA,9.3,13088
53053,Pierce,WA,476.3,843954
53055,San Juan,WA,90.7,16252
53057,Skagit,WA,67.5,121846
53059,Skamania,WA,6.7,11339
53061,Snohomish,WA,341.8,772501
53063,Spokane,WA,267.2,490945
53065,Stevens,WA,17.6,43791
53067,Thurston,WA,349.4,269536
53069,Wahkiakum,WA,15.1,4042
53071,Walla Walla,WA,46.3,60338
53073,Whatcom,WA,95.5,212284
53075,Whitman,WA,20.7,48177
53077,Yakima,WA,56.6,248830
54001,Barbour,WV,48.6,16704
54003,Berkeley,WV,324.4,111901
54005,Boone,WV,49.1,23372
54007,Braxton,WV,28.4,14415
54009,Brooke,WV,269.8,23350
54011,Cabell,WV,342.8,96844
54013,Calhoun,WV,27.3,7470
54015,Clay,WV,27.5,8910
54017,Doddridge,WV,25.7,8176
54019,Fayette,WV,69.6,44997
54021,Gilmer,WV,25.7,8518
54023,Grant,WV,25,11766
54025,Greenbrier,WV,34.8,35516
54027,Hampshire,WV,37.4,23353
54029,Hancock,WV,371.3,29815
54031,Hardy,WV,24.1,13852
54033,Harrison,WV,166.1,68714
54035,Jackson,WV,62.9,29237
54037,Jefferson,WV,255.2,56482
54039,Kanawha,WV,214.1,188332
54041,Lewis,WV,42.5,16448
54043,Lincoln,WV,49.7,21415
54045,Logan,WV,81,34707
54047,McDowell,WV,41.5,19835
54049,Marion,WV,182.7,56925
54051,Marshall,WV,108.4,31978
54053,Mason,WV,63.4,27037
54055,Mercer,WV,148.6,61164
54057,Mineral,WV,86.1,27451
54059,Mingo,WV,63.4,25292
54061,Monongalia,WV,267.1,104236
54063,Monroe,WV,28.6,13506
54065,Morgan,WV,76.6,17524
54067,Nicholas,WV,40.6,25594
54069,Ohio,WV,420,43066
54071,Pendleton,WV,11.1,7229
54073,Pleasants,WV,58.5,7674
54075,Pocahontas,WV,9.3,8607
54077,Preston,WV,51.7,33940
54079,Putnam,WV,160.5,56848
54081,Raleigh,WV,130.3,77510
54083,Randolph,WV,28.3,29126
54085,Ritchie,WV,23.1,9982
54087,Roane,WV,30.9,14435
54089,Summers,WV,38.6,13239
54091,Taylor,WV,97.8,16912
54093,Tucker,WV,17,6966
54095,Tyler,WV,35.9,8975
54097,Upshur,WV,68.4,24758
54099,Wayne,WV,84,40971
54101,Webster,WV,16.5,8755
54103,Wetzel,WV,46.3,15816
54105,Wirt,WV,24.6,5880
54107,Wood,WV,237.4,86452
54109,Wyoming,WV,47.6,22151
55001,Adams,WI,32.3,20148
55003,Ashland,WI,15.5,15843
55005,Barron,WI,53.2,45563
55007,Bayfield,WI,10.2,14977
55009,Brown,WI,468.2,258718
55011,Buffalo,WI,20.2,13192
55013,Burnett,WI,18.8,15159
55015,Calumet,WI,153.9,49762
55017,Chippewa,WI,61.9,63531
55019,Clark,WI,28.7,34445
55021,Columbia,WI,74.2,56743
55023,Crawford,WI,29.2,16391
55025,Dane,WI,407.7,523643
55027,Dodge,WI,101.4,88502
55029,Door,WI,57.6,27554
55031,Douglas,WI,33.9,43601
55033,Dunn,WI,51.6,44497
55035,Eau Claire,WI,154.8,102105
55037,Florence,WI,9.1,4464
55039,Fond du Lac,WI,141.2,101973
55041,Forest,WI,9.2,9057
55043,Grant,WI,44.7,52250
55045,Green,WI,63.1,37186
55047,Green Lake,WI,54.5,18856
55049,Iowa,WI,31.1,23813
55051,Iron,WI,7.8,5794
55053,Jackson,WI,20.7,20554
55055,Jefferson,WI,150.4,84559
55057,Juneau,WI,34.8,26224
55059,Kenosha,WI,611.9,168437
55061,Kewaunee,WI,60.1,20366
55063,La Crosse,WI,253.8,118212
55065,Lafayette,WI,26.6,16829
55067,Langlade,WI,22.9,19223
55069,Lincoln,WI,32.7,27980
55071,Manitowoc,WI,138.3,79806
55073,Marathon,WI,86.8,135868
55075,Marinette,WI,29.8,40884
55077,Marquette,WI,33.8,15075
55078,Menominee,WI,11.8,4573
55079,Milwaukee,WI,3926,957735
55081,Monroe,WI,49.6,45549
55083,Oconto,WI,37.7,37435
55085,Oneida,WI,32.3,35567
55087,Outagamie,WI,277.2,183245
55089,Ozaukee,WI,370.7,87850
55091,Pepin,WI,32.2,7290
55093,Pierce,WI,71.5,40889
55095,Polk,WI,48.4,43441
55097,Portage,WI,87.4,70408
55099,Price,WI,11.3,13645
55101,Racine,WI,587.7,195080
55103,Richland,WI,30.7,17495
55105,Rock,WI,223.3,161448
55107,Rusk,WI,16.2,14124
55109,St. Croix,WI,116.8,87513
55111,Sauk,WI,74.6,63642
55113,Sawyer,WI,13.2,16376
55115,Shawano,WI,47,41304
55117,Sheboygan,WI,225.9,115569
55119,Taylor,WI,21.2,20455
55121,Trempealeau,WI,39.3,29550
55123,Vernon,WI,37.6,30506
55125,Vilas,WI,25,21387
55127,Walworth,WI,184.2,102804
55129,Washburn,WI,20,15552
55131,Washington,WI,306.2,133674
55133,Waukesha,WI,709.4,396488
55135,Waupaca,WI,70.1,51945
55137,Waushara,WI,39.1,24033
55139,Winnebago,WI,384.3,169546
55141,Wood,WI,94.2,73435
56001,Albany,WY,8.5,37956
56003,Big Horn,WY,3.7,12022
56005,Campbell,WY,9.6,49220
56007,Carbon,WY,2,15559
56009,Converse,WY,3.3,14236
56011,Crook,WY,2.5,7444
56013,Fremont,WY,4.4,40315
56015,Goshen,WY,6,13383
56017,Hot Springs,WY,2.4,4741
56019,Johnson,WY,2.1,8585
56021,Laramie,WY,34.2,97121
56023,Lincoln,WY,4.4,18722
56025,Natrona,WY,14.1,82178
56027,Niobrara,WY,0.9,2542
56029,Park,WY,4.1,29228
56031,Platte,WY,4.2,8812
56033,Sheridan,WY,11.5,30009
56035,Sublette,WY,2.1,9899
56037,Sweetwater,WY,4.2,44626
56039,Teton,WY,5.3,23125
56041,Uinta,WY,10.1,20822
56043,Washakie,WY,3.8,8328
56045,Weston,WY,3,7234
,Teton,WY,,
,Uinta,WY,,
,Washakie,WY,,
,Weston,WY,,
